file_id,raw_file_id,pt_abs_error,mt_abs_error,tll_abs_error,mae3,within_5,pt_source205,mt_source205,tll_source205,changed_targets205
1000_015857,015857,1.112,1.0679,0.5876,0.9225,1,checkpoint186,selector168_mt_guard171,checkpoint186,
1001_013805,013805,0.468,3.0852,1.4277,1.6603,1,checkpoint186,gate155_mt,checkpoint186,
1002_011038,011038,14.2654,0.0483,0.9786,5.0974,0,checkpoint186,selector168_mt_guard171,checkpoint186,
1003_002280,002280,11.7751,0.9884,5.1607,5.9747,0,checkpoint186,checkpoint93,checkpoint186,
1004_010994,010994,2.3172,0.4081,2.9824,1.9026,1,checkpoint186,checkpoint93,checkpoint186,
1005_006376,006376,3.1728,3.2332,2.3161,2.9074,1,checkpoint186,gate135_mt,checkpoint186,
1006_003232,003232,11.088,3.3611,2.8291,5.7594,0,checkpoint186,adaptive190_MT,checkpoint186,
1007_011390,011390,6.1141,7.6384,4.2863,6.0129,0,checkpoint186,checkpoint93,checkpoint186,
1008_014876,014876,4.2309,9.8792,3.0445,5.7182,0,checkpoint186,checkpoint93,checkpoint186,
1009_014057,014057,2.411,0.1727,4.7983,2.4607,1,checkpoint186,gate155_mt,checkpoint186,
1010_013201,013201,0.0511,2.9028,4.0856,2.3465,1,checkpoint186,checkpoint93,checkpoint186,
1011_009334,009334,5.2599,3.2475,0.5737,3.027,1,checkpoint186,selector168_mt_guard171,checkpoint186,
1012_008418,008418,6.7834,0.8722,1.3895,3.015,1,checkpoint186,selector168_mt_guard171,checkpoint186,
1013_008269,008269,2.4794,4.9098,7.1426,4.8439,1,checkpoint186,gate135_mt,checkpoint186,
1014_013506,013506,4.1103,0.7791,2.99,2.6265,1,checkpoint186,gate155_mt,checkpoint186,
1015_001951,001951,0.8374,4.681,2.5812,2.6999,1,checkpoint186,adaptive190_MT,checkpoint186,
1016_007057,007057,1.2309,4.6277,6.8418,4.2335,1,checkpoint186,adaptive190_MT,checkpoint186,
1017_002348,002348,6.4485,5.4828,8.5096,6.8136,0,checkpoint186,adaptive190_MT,checkpoint186,
1018_011569,011569,3.3684,0.7054,0.1154,1.3964,1,checkpoint186,selector168_mt_guard171,checkpoint186,
1019_010075,010075,2.6823,2.7488,18.0989,7.8433,0,checkpoint186,selector168_mt_guard171,checkpoint186,
1020_015391,015391,1.9677,4.739,0.8527,2.5198,1,checkpoint186,adaptive190_MT,checkpoint186,
1021_008981,008981,3.3225,3.1973,1.0467,2.5222,1,checkpoint186,checkpoint93,checkpoint186,
1022_000967,000967,0.4863,3.9454,5.9923,3.4747,1,checkpoint186,adaptive190_MT,checkpoint186,
1023_014497,014497,8.717,0.9581,9.5421,6.4057,0,checkpoint186,selector168_mt_guard171,checkpoint186,
1024_012008,012008,1.0582,5.8668,1.7729,2.8993,1,checkpoint186,adaptive190_MT,checkpoint186,
1025_010369,010369,4.8557,3.0568,2.4487,3.4537,1,checkpoint186,checkpoint93,checkpoint186,
1026_005868,005868,1.7165,2.0467,1.9903,1.9178,1,checkpoint186,gate155_mt,checkpoint186,
1027_005266,005266,1.8815,1.6075,2.791,2.0933,1,checkpoint186,selector168_mt_guard171,checkpoint186,
1028_005829,005829,0.1557,11.1182,8.9979,6.7573,0,checkpoint186,checkpoint93,checkpoint186,
1029_005790,005790,0.7854,1.0366,3.2136,1.6785,1,checkpoint186,selector168_mt_guard171,checkpoint186,
1030_004588,004588,1.206,2.9805,2.8565,2.3477,1,checkpoint186,selector168_mt_guard171,checkpoint186,
1031_000206,000206,6.0733,2.3398,9.0703,5.8278,0,checkpoint186,gate155_mt,checkpoint186,
1032_009590,009590,1.3824,3.6891,6.7881,3.9532,1,checkpoint186,selector168_mt_guard171,checkpoint186,
1033_012207,012207,1.9856,4.4521,5.4933,3.977,1,checkpoint186,selector168_mt_guard171,checkpoint186,
1034_003378,003378,4.3379,4.2822,3.0579,3.8927,1,checkpoint186,gate135_mt,checkpoint186,
1035_015137,015137,3.9978,3.2519,5.9692,4.4063,1,checkpoint186,selector168_mt_guard171,checkpoint186,
1036_005956,005956,0.8242,4.4631,4.3632,3.2168,1,checkpoint186,adaptive190_MT,checkpoint186,
1037_013265,013265,1.7218,3.8622,4.8474,3.4771,1,checkpoint186,gate135_mt,checkpoint186,
1038_012696,012696,1.316,1.1886,7.8198,3.4415,1,checkpoint186,selector168_mt_guard171,checkpoint186,
1039_008164,008164,9.5247,1.3635,0.5239,3.804,1,checkpoint186,selector168_mt_guard171,checkpoint186,
1040_014478,014478,7.8625,2.6792,1.0933,3.8783,1,pt200,selector168_mt_guard171,checkpoint186,
1041_009088,009088,3.7546,5.3172,3.327,4.1329,1,checkpoint186,adaptive190_MT,checkpoint186,
1042_010077,010077,1.6705,2.1362,4.0656,2.6241,1,checkpoint186,gate155_mt,checkpoint186,
1043_014918,014918,2.0511,0.388,5.0001,2.4797,1,checkpoint186,gate155_mt,checkpoint186,
1044_010802,010802,1.4647,6.0016,6.8047,4.757,1,checkpoint186,gate135_mt,checkpoint186,
1045_006598,006598,0.31,4.7609,5.5072,3.526,1,checkpoint186,adaptive190_MT,checkpoint186,
1046_012619,012619,0.1623,0.5693,10.3075,3.6797,1,checkpoint186,gate135_mt,checkpoint186,
1047_012935,012935,2.2249,2.1457,0.9209,1.7638,1,checkpoint186,gate135_mt,checkpoint186,
1048_006151,006151,10.2959,2.9896,2.0648,5.1168,0,checkpoint186,selector168_mt_guard171,checkpoint186,
1049_013847,013847,6.7302,0.7131,1.6722,3.0385,1,checkpoint186,gate155_mt,checkpoint186,
1050_006147,006147,8.734,2.3849,1.2526,4.1238,1,checkpoint186,gate155_mt,checkpoint186,
1051_012202,012202,5.4791,3.4958,0.2806,3.0852,1,checkpoint186,checkpoint93,checkpoint186,
1052_003505,003505,1.695,5.4991,6.9576,4.7172,1,checkpoint186,selector168_mt_guard171,checkpoint186,
1053_009208,009208,1.9056,9.3106,2.5706,4.5956,1,checkpoint186,gate155_mt,checkpoint186,
1054_015568,015568,8.6744,0.0044,2.4735,3.7174,1,checkpoint186,selector168_mt_guard171,checkpoint186,
1055_002725,002725,0.0635,0.98,2.5039,1.1825,1,checkpoint186,selector168_mt_guard171,checkpoint186,
1056_008471,008471,3.3455,1.0383,7.2908,3.8915,1,checkpoint186,gate155_mt,checkpoint186,
1057_013792,013792,0.3052,3.8114,2.0241,2.0469,1,checkpoint186,checkpoint93,checkpoint186,
1058_014257,014257,1.4054,4.1917,0.8181,2.1384,1,checkpoint186,checkpoint93,checkpoint186,
1059_008544,008544,0.1637,3.3238,5.3469,2.9448,1,checkpoint186,selector185_f4_MT,checkpoint186,
1060_000579,000579,2.3285,7.9249,0.8432,3.6989,1,checkpoint186,adaptive190_MT,checkpoint186,
1061_012584,012584,3.576,3.9699,2.0318,3.1926,1,checkpoint186,gate155_mt,checkpoint186,
1062_007518,007518,3.9945,0.2651,2.2639,2.1745,1,checkpoint186,selector168_mt_guard171,checkpoint186,
1063_012413,012413,1.6412,0.6642,0.5049,0.9368,1,checkpoint186,gate135_mt,checkpoint186,
1064_010771,010771,0.3574,7.359,7.2776,4.998,1,checkpoint186,gate135_mt,checkpoint186,
1065_010648,010648,3.795,1.3396,5.9784,3.7043,1,checkpoint186,selector168_mt_guard171,checkpoint186,
1066_002638,002638,1.4374,1.6177,5.1745,2.7432,1,checkpoint186,selector168_mt_guard171,checkpoint186,
1067_006338,006338,8.8669,1.0746,2.1307,4.0241,1,checkpoint186,selector168_mt_guard171,checkpoint186,
1068_009797,009797,4.2398,0.2995,6.5219,3.6871,1,checkpoint186,gate155_mt,checkpoint186,
1069_011532,011532,1.5771,5.4371,2.6462,3.2201,1,checkpoint186,adaptive190_MT,checkpoint186,
1070_002157,002157,0.9867,1.8716,4.2605,2.3729,1,checkpoint186,selector168_mt_guard171,checkpoint186,
1071_011856,011856,0.1696,3.7063,2.0179,1.9646,1,checkpoint186,gate155_mt,checkpoint186,
1072_004203,004203,1.3012,6.6508,4.0691,4.007,1,checkpoint186,adaptive190_MT,checkpoint186,
1073_000290,000290,3.5476,5.3628,6.0172,4.9759,1,checkpoint186,selector168_mt_guard171,checkpoint186,
1074_010939,010939,2.2034,1.1201,9.5382,4.2872,1,checkpoint186,checkpoint93,checkpoint186,
1075_009175,009175,2.0774,0.8237,7.7168,3.5393,1,checkpoint186,selector168_mt_guard171,checkpoint186,
1076_008368,008368,4.5082,7.3593,1.0357,4.3011,1,checkpoint186,adaptive190_MT,checkpoint186,
1077_002888,002888,3.4075,0.3868,2.6928,2.1624,1,checkpoint186,gate155_mt,checkpoint186,
1078_015686,015686,1.9464,5.5696,4.7442,4.0867,1,checkpoint186,checkpoint93,checkpoint186,
1079_015753,015753,5.2011,0.4589,0.1053,1.9218,1,checkpoint186,checkpoint93,checkpoint186,
1080_013092,013092,9.2928,0.1752,7.9481,5.8054,0,checkpoint186,gate155_mt,checkpoint186,
1081_006439,006439,0.9245,3.2409,10.5401,4.9018,1,checkpoint186,selector168_mt_guard171,checkpoint186,
1082_014064,014064,3.6183,2.9945,0.4118,2.3415,1,checkpoint186,adaptive190_MT,checkpoint186,
1083_005880,005880,1.1092,0.0105,0.3831,0.5009,1,checkpoint186,selector168_mt_guard171,checkpoint186,
1084_002824,002824,1.1054,4.4429,0.0952,1.8812,1,checkpoint186,selector168_mt_guard171,checkpoint186,
1085_000243,000243,1.2358,2.0923,2.481,1.9364,1,checkpoint186,selector168_mt_guard171,checkpoint186,
1086_002286,002286,2.4333,2.8839,0.1695,1.8289,1,checkpoint186,checkpoint93,checkpoint186,
1087_008258,008258,15.909,11.0438,2.8241,9.9256,0,checkpoint186,adaptive190_MT,checkpoint186,
1088_008408,008408,5.2019,3.8339,2.1838,3.7399,1,checkpoint186,selector168_mt_guard171,checkpoint186,
1089_014937,014937,2.026,2.6596,5.8229,3.5028,1,checkpoint186,selector168_mt_guard171,checkpoint186,
1090_015538,015538,3.4588,4.2567,3.4851,3.7335,1,checkpoint186,gate155_mt,checkpoint186,
1091_012796,012796,21.9683,3.623,0.4126,8.668,0,checkpoint186,selector182_MT,checkpoint186,
1092_012308,012308,8.1416,1.5541,3.7053,4.467,1,checkpoint186,selector168_mt_guard171,checkpoint186,
1093_013522,013522,0.2395,1.8741,4.8421,2.3186,1,checkpoint186,gate155_mt,checkpoint186,
1094_015602,015602,1.4448,18.7876,6.8429,9.0251,0,checkpoint186,selector186_old_MT,checkpoint186,
1095_015544,015544,0.4695,1.127,3.3529,1.6498,1,checkpoint186,checkpoint93,checkpoint186,
1096_001258,001258,0.2888,3.317,4.2838,2.6299,1,checkpoint186,checkpoint93,checkpoint186,
1097_015172,015172,3.8501,6.82,4.0952,4.9218,1,checkpoint186,checkpoint93,checkpoint186,
1098_011551,011551,3.0657,4.5056,1.2886,2.9533,1,checkpoint186,adaptive190_MT,checkpoint186,
1099_012564,012564,12.1999,0.6674,0.9006,4.5893,1,checkpoint186,selector168_mt_guard171,checkpoint186,
1100_011176,011176,2.2881,3.4506,5.6171,3.7853,1,checkpoint186,selector168_mt_guard171,checkpoint186,
1101_010185,010185,2.7833,9.1571,9.7985,7.2463,0,checkpoint186,adaptive190_MT,checkpoint186,
1102_005259,005259,0.3591,3.4148,0.889,1.5543,1,checkpoint186,gate155_mt,checkpoint186,
1103_007637,007637,9.9037,2.2845,2.8262,5.0048,0,checkpoint186,checkpoint93,checkpoint186,
1104_007857,007857,0.9203,0.2009,2.7536,1.2916,1,checkpoint186,selector168_mt_guard171,checkpoint186,
1105_004774,004774,3.5357,4.0506,1.8498,3.1454,1,checkpoint186,checkpoint93,checkpoint186,
1106_009352,009352,3.9304,0.0232,2.9762,2.3099,1,checkpoint186,gate155_mt,checkpoint186,
1107_013082,013082,0.3143,0.7218,0.9084,0.6482,1,checkpoint186,selector168_mt_guard171,checkpoint186,
1108_002310,002310,1.6441,7.5967,0.4973,3.246,1,checkpoint186,adaptive190_MT,checkpoint186,
1109_002125,002125,1.1573,4.5792,2.8509,2.8625,1,checkpoint186,adaptive190_MT,checkpoint186,
1110_002695,002695,1.9998,9.9393,3.6444,5.1945,0,checkpoint186,checkpoint93,checkpoint186,
1111_013475,013475,1.7154,3.1112,5.5872,3.4713,1,checkpoint186,selector168_mt_guard171,checkpoint186,
1112_008905,008905,2.4914,0.1873,9.2929,3.9905,1,checkpoint186,selector168_mt_guard171,checkpoint186,
1113_009015,009015,0.0471,1.6703,3.0042,1.5739,1,checkpoint186,checkpoint93,checkpoint186,
1114_005136,005136,7.2568,5.6686,5.2203,6.0486,0,checkpoint186,adaptive190_MT,checkpoint186,
1115_007074,007074,0.584,0.1796,0.3025,0.3554,1,checkpoint186,selector168_mt_guard171,checkpoint186,
1116_003449,003449,3.9137,1.6872,4.317,3.306,1,checkpoint186,checkpoint93,checkpoint186,
1117_008093,008093,4.7754,1.9603,4.1724,3.636,1,checkpoint186,gate155_mt,checkpoint186,
1118_003227,003227,1.8509,1.1615,6.4745,3.1623,1,checkpoint186,gate155_mt,checkpoint186,
1119_007488,007488,0.7887,0.0954,0.921,0.6017,1,checkpoint186,gate155_mt,checkpoint186,
1120_011720,011720,0.1589,5.2294,7.1271,4.1718,1,checkpoint186,adaptive190_MT,checkpoint186,
1121_014460,014460,0.0955,3.0668,6.5037,3.222,1,checkpoint186,gate135_mt,checkpoint186,
1122_005039,005039,9.3609,3.271,4.3975,5.6765,0,checkpoint186,gate135_mt,checkpoint186,
1123_008676,008676,1.3941,1.5974,0.6193,1.2036,1,checkpoint186,selector168_mt_guard171,checkpoint186,
1124_013946,013946,9.7854,2.8698,1.6542,4.7698,1,checkpoint186,gate135_mt,checkpoint186,
1125_003165,003165,0.5257,3.8222,5.8556,3.4012,1,checkpoint186,gate155_mt,checkpoint186,
1126_002167,002167,2.3016,0.0207,5.9376,2.7533,1,checkpoint186,gate135_mt,checkpoint186,
1127_008221,008221,4.2152,2.6153,5.5857,4.1387,1,checkpoint186,selector168_mt_guard171,checkpoint186,
1128_005780,005780,3.1786,5.213,0.1238,2.8385,1,checkpoint186,adaptive190_MT,checkpoint186,
1129_003811,003811,2.7374,3.6786,3.5682,3.3281,1,checkpoint186,selector168_mt_guard171,checkpoint186,
1130_000839,000839,0.5409,6.573,8.4148,5.1762,0,checkpoint186,adaptive190_MT,checkpoint186,
1131_003963,003963,2.903,0.3825,1.3966,1.5607,1,checkpoint186,checkpoint93,checkpoint186,
1132_002389,002389,9.1541,4.0088,5.7519,6.3049,0,checkpoint186,checkpoint93,checkpoint186,
1133_010983,010983,2.072,6.6465,10.1275,6.282,0,checkpoint186,checkpoint93,checkpoint186,
1134_001719,001719,4.5772,5.6888,4.6363,4.9674,1,checkpoint186,selector168_mt_guard171,checkpoint186,
1135_012933,012933,5.2619,0.9987,6.8567,4.3724,1,checkpoint186,checkpoint93,checkpoint186,
1136_014999,014999,6.7707,2.7629,0.1017,3.2118,1,checkpoint186,selector168_mt_guard171,checkpoint186,
1137_012839,012839,1.0979,0.2401,4.5707,1.9696,1,checkpoint186,selector168_mt_guard171,checkpoint186,
1138_005496,005496,0.4722,1.7185,2.2324,1.4744,1,checkpoint186,gate155_mt,checkpoint186,
1139_005568,005568,0.4689,3.9901,1.0759,1.845,1,checkpoint186,checkpoint93,checkpoint186,
1140_012886,012886,2.5255,1.0917,4.7926,2.8033,1,checkpoint186,selector168_mt_guard171,checkpoint186,
1141_006740,006740,9.7458,0.0733,8.239,6.0194,0,checkpoint186,gate155_mt,checkpoint186,
1142_005850,005850,3.0614,6.1419,0.0813,3.0949,1,checkpoint186,adaptive190_MT,checkpoint186,
1143_001970,001970,3.9495,1.8732,5.1976,3.6734,1,checkpoint186,gate155_mt,checkpoint186,
1144_004294,004294,0.0661,1.3186,4.8651,2.0833,1,checkpoint186,selector168_mt_guard171,checkpoint186,
1145_014813,014813,1.6555,2.7035,0.8972,1.7521,1,checkpoint186,selector168_mt_guard171,checkpoint186,
1146_014665,014665,0.4835,0.082,5.7287,2.0981,1,checkpoint186,selector168_mt_guard171,checkpoint186,
1147_009849,009849,3.4419,1.429,9.6791,4.85,1,checkpoint186,gate135_mt,checkpoint186,
1148_002401,002401,13.3136,3.3808,5.1156,7.27,0,checkpoint186,selector168_mt_guard171,checkpoint186,
1149_014530,014530,2.7035,6.1033,6.8504,5.2191,0,checkpoint186,adaptive190_MT,checkpoint186,
1150_002903,002903,1.1741,2.8536,5.7484,3.2587,1,checkpoint186,adaptive190_MT,checkpoint186,
1151_008883,008883,0.6537,2.3457,0.4008,1.1334,1,checkpoint186,gate155_mt,checkpoint186,
1152_004735,004735,15.9362,3.9743,2.9071,7.6059,0,checkpoint186,selector182_MT,checkpoint186,
1153_013449,013449,0.9383,0.137,0.3823,0.4859,1,checkpoint186,selector168_mt_guard171,checkpoint186,
1154_008391,008391,4.2837,0.1853,1.592,2.0203,1,checkpoint186,selector168_mt_guard171,checkpoint186,
1155_009807,009807,0.4306,4.112,6.7539,3.7655,1,checkpoint186,adaptive190_MT,checkpoint186,
1156_010009,010009,0.5888,4.9271,3.8743,3.1301,1,checkpoint186,adaptive190_MT,checkpoint186,
1157_008113,008113,1.0106,6.8776,5.292,4.3934,1,checkpoint186,checkpoint93,checkpoint186,
1158_012246,012246,0.4979,3.9611,2.1442,2.2011,1,pt200,adaptive190_MT,checkpoint186,
1159_005023,005023,4.3782,1.4946,2.7211,2.8646,1,checkpoint186,selector168_mt_guard171,checkpoint186,
1160_006409,006409,0.1645,4.9619,2.6316,2.586,1,checkpoint186,checkpoint93,checkpoint186,
1161_010766,010766,0.6397,3.7663,7.9336,4.1132,1,checkpoint186,selector168_mt_guard171,checkpoint186,
1162_005118,005118,0.0572,1.7669,6.0017,2.6086,1,checkpoint186,selector168_mt_guard171,checkpoint186,
1163_008992,008992,2.7785,5.3585,1.393,3.1767,1,checkpoint186,adaptive190_MT,checkpoint186,
1164_001673,001673,3.2444,0.1216,9.2721,4.2127,1,checkpoint186,selector168_mt_guard171,checkpoint186,
1165_010427,010427,1.4239,6.1067,4.4932,4.0079,1,checkpoint186,adaptive190_MT,checkpoint186,
1166_007953,007953,4.3108,6.5712,7.3012,6.0611,0,checkpoint186,checkpoint93,checkpoint186,
1167_008842,008842,2.423,6.5279,0.9416,3.2975,1,checkpoint186,adaptive190_MT,checkpoint186,
1168_011415,011415,1.7548,0.4898,4.4893,2.2446,1,checkpoint186,selector168_mt_guard171,checkpoint186,
1169_012578,012578,0.7834,2.7135,0.9816,1.4928,1,checkpoint186,gate155_mt,checkpoint186,
1170_014055,014055,0.3076,2.9605,7.8647,3.7109,1,checkpoint186,selector168_mt_guard171,checkpoint186,
1171_014867,014867,0.361,1.8567,0.2954,0.8377,1,checkpoint186,gate155_mt,checkpoint186,
1172_010063,010063,4.6059,1.3597,6.493,4.1529,1,checkpoint186,gate155_mt,checkpoint186,
1173_010221,010221,0.5416,0.2875,3.7681,1.5324,1,checkpoint186,gate155_mt,checkpoint186,
1174_013592,013592,0.0195,1.2929,4.2712,1.8612,1,checkpoint186,selector168_mt_guard171,checkpoint186,
1175_006675,006675,2.5668,0.2608,0.0449,0.9575,1,checkpoint186,selector168_mt_guard171,checkpoint186,
1176_001846,001846,3.2185,1.555,9.1194,4.631,1,checkpoint186,selector168_mt_guard171,checkpoint186,
1177_005506,005506,0.1871,3.0573,6.1952,3.1465,1,checkpoint186,selector168_mt_guard171,checkpoint186,
1178_009980,009980,6.7229,7.7,3.9886,6.1372,0,checkpoint186,adaptive190_MT,checkpoint186,
1179_006950,006950,2.765,6.1168,7.7015,5.5278,0,checkpoint186,adaptive190_MT,checkpoint186,
1180_011984,011984,2.409,0.9302,3.1299,2.1564,1,checkpoint186,selector168_mt_guard171,checkpoint186,
1181_001509,001509,2.053,6.3936,5.704,4.7169,1,checkpoint186,selector168_mt_guard171,checkpoint186,
1182_003698,003698,4.6338,12.798,3.224,6.8853,0,checkpoint186,adaptive190_MT,checkpoint186,
1183_013392,013392,2.8261,0.4171,1.9744,1.7392,1,checkpoint186,checkpoint93,checkpoint186,
1184_014537,014537,1.0773,1.1621,1.8895,1.3763,1,checkpoint186,gate135_mt,checkpoint186,
1185_005293,005293,2.3288,0.7732,0.0036,1.0352,1,checkpoint186,gate155_mt,checkpoint186,
1186_006673,006673,6.8248,1.1577,3.9045,3.9623,1,checkpoint186,selector168_mt_guard171,checkpoint186,
1187_000993,000993,2.6095,1.7947,7.1125,3.8389,1,checkpoint186,gate155_mt,checkpoint186,
1188_009920,009920,1.5597,1.9955,2.4429,1.9994,1,checkpoint186,gate155_mt,checkpoint186,
1189_004019,004019,2.016,1.5251,3.8649,2.4687,1,checkpoint186,gate155_mt,checkpoint186,
1190_012343,012343,1.1264,6.9182,9.2142,5.7529,0,checkpoint186,adaptive190_MT,checkpoint186,
1191_002878,002878,5.9121,4.3133,2.6728,4.2994,1,checkpoint186,selector168_mt_guard171,checkpoint186,
1192_009566,009566,1.013,2.2553,5.0998,2.7894,1,checkpoint186,checkpoint93,checkpoint186,
1193_009414,009414,0.2109,5.6055,0.8293,2.2152,1,pt200,adaptive190_MT,checkpoint186,
1194_012028,012028,1.5971,3.5647,2.6146,2.5921,1,checkpoint186,adaptive190_MT,checkpoint186,
1195_013801,013801,0.0716,2.0154,3.9224,2.0031,1,checkpoint186,selector168_mt_guard171,checkpoint186,
1196_015798,015798,4.4308,4.1826,8.0839,5.5658,0,checkpoint186,gate155_mt,checkpoint186,
1197_008236,008236,2.9986,0.0297,3.8188,2.2824,1,checkpoint186,selector168_mt_guard171,checkpoint186,
1198_007588,007588,0.7507,3.5557,3.844,2.7168,1,checkpoint186,checkpoint93,checkpoint186,
1199_000646,000646,3.0822,0.1507,2.9008,2.0446,1,checkpoint186,checkpoint93,checkpoint186,
1200_005846,005846,5.0434,2.9004,3.6316,3.8585,1,checkpoint186,selector168_mt_guard171,checkpoint186,
1201_001510,001510,1.8133,1.2463,3.688,2.2492,1,checkpoint186,gate155_mt,checkpoint186,
1202_013017,013017,1.4848,0.8621,2.9199,1.7556,1,checkpoint186,checkpoint93,checkpoint186,
1203_006137,006137,2.8975,5.8727,5.053,4.6077,1,checkpoint186,adaptive190_MT,checkpoint186,
1204_014162,014162,1.5308,6.0351,1.753,3.1063,1,checkpoint186,adaptive190_MT,checkpoint186,
1205_000501,000501,2.3779,4.9733,3.0357,3.4623,1,checkpoint186,adaptive190_MT,checkpoint186,
1206_003940,003940,8.9861,5.6042,1.2763,5.2889,0,checkpoint186,checkpoint93,checkpoint186,
1207_014067,014067,24.7204,3.3817,3.7683,10.6235,0,checkpoint186,selector182_MT,checkpoint186,
1208_002711,002711,4.4528,3.7738,4.2002,4.1423,1,checkpoint186,selector168_mt_guard171,checkpoint186,
1209_004621,004621,0.33,2.8648,5.317,2.8373,1,pt200,checkpoint93,checkpoint186,
1210_013955,013955,4.0158,4.5197,5.2893,4.6083,1,checkpoint186,selector168_mt_guard171,checkpoint186,
1211_014566,014566,1.2667,1.3363,2.0606,1.5545,1,checkpoint186,checkpoint93,checkpoint186,
1212_015878,015878,6.8817,0.1125,1.3251,2.7731,1,checkpoint186,gate155_mt,checkpoint186,
1213_010006,010006,5.7345,1.3612,0.4265,2.5074,1,checkpoint186,gate155_mt,checkpoint186,
1214_013613,013613,4.0818,4.5489,2.4397,3.6901,1,checkpoint186,adaptive190_MT,checkpoint186,
1215_008729,008729,4.4219,4.7148,11.3283,6.8217,0,checkpoint186,adaptive190_MT,checkpoint186,
1216_007640,007640,1.8718,1.3268,2.7234,1.974,1,checkpoint186,gate135_mt,checkpoint186,
1217_004595,004595,0.7705,5.1736,9.349,5.0977,0,checkpoint186,adaptive190_MT,checkpoint186,
1218_015314,015314,0.338,6.998,2.1826,3.1729,1,pt200,selector168_mt_guard171,checkpoint186,
1219_000858,000858,4.338,0.4924,3.7418,2.8574,1,checkpoint186,selector168_mt_guard171,checkpoint186,
1220_014793,014793,4.638,6.6006,8.2847,6.5078,0,checkpoint186,adaptive190_MT,checkpoint186,
1221_012718,012718,0.9946,2.278,2.6393,1.9706,1,checkpoint186,gate155_mt,checkpoint186,
1222_009314,009314,4.0869,3.1751,9.747,5.6697,0,checkpoint186,gate155_mt,checkpoint186,
1223_012489,012489,8.6367,6.4725,6.5823,7.2305,0,checkpoint186,adaptive190_MT,checkpoint186,
1224_011454,011454,5.7184,2.0102,2.4174,3.382,1,checkpoint186,checkpoint93,checkpoint186,
1225_011388,011388,3.7896,8.5175,7.2948,6.534,0,checkpoint186,adaptive190_MT,checkpoint186,
1226_013755,013755,3.4067,5.303,4.1933,4.301,1,checkpoint186,adaptive190_MT,checkpoint186,
1227_001357,001357,0.8161,2.8076,3.0679,2.2305,1,checkpoint186,gate155_mt,checkpoint186,
1228_013623,013623,0.2221,3.6421,3.212,2.3587,1,checkpoint186,selector168_mt_guard171,checkpoint186,
1229_005078,005078,6.8257,6.164,0.6551,4.5483,1,checkpoint186,checkpoint93,checkpoint186,
1230_013735,013735,0.4633,1.6081,1.6045,1.2253,1,checkpoint186,gate135_mt,checkpoint186,
1231_003673,003673,5.8118,6.2018,0.4748,4.1628,1,checkpoint186,adaptive190_MT,checkpoint186,
1232_003910,003910,0.1909,0.8406,2.3278,1.1198,1,checkpoint186,checkpoint93,checkpoint186,
1233_000706,000706,3.3057,2.5386,4.2425,3.3623,1,checkpoint186,gate135_mt,checkpoint186,
1234_005126,005126,4.463,3.7618,2.0556,3.4268,1,checkpoint186,checkpoint93,checkpoint186,
1235_015817,015817,0.0801,4.0195,0.0236,1.3744,1,checkpoint186,checkpoint93,checkpoint186,
1236_011670,011670,1.7687,3.5347,4.4514,3.2516,1,checkpoint186,checkpoint93,checkpoint186,
1237_011651,011651,2.3705,1.6374,2.1439,2.0506,1,checkpoint186,selector168_mt_guard171,checkpoint186,
1238_005514,005514,0.2879,2.5983,7.1673,3.3512,1,checkpoint186,gate155_mt,checkpoint186,
1239_001712,001712,3.4174,0.8224,9.4721,4.5706,1,checkpoint186,checkpoint93,checkpoint186,
1240_008745,008745,1.2084,2.2193,2.3688,1.9322,1,checkpoint186,gate155_mt,checkpoint186,
1241_009370,009370,5.2064,1.0972,5.3498,3.8845,1,checkpoint186,selector168_mt_guard171,checkpoint186,
1242_004573,004573,9.4404,4.6824,2.5173,5.5467,0,checkpoint186,adaptive190_MT,checkpoint186,
1243_001914,001914,3.0447,1.7241,3.9717,2.9135,1,checkpoint186,gate155_mt,checkpoint186,
1244_002455,002455,1.251,9.1086,0.1138,3.4911,1,checkpoint186,adaptive190_MT,checkpoint186,
1245_000756,000756,2.8922,4.3675,0.4582,2.5726,1,checkpoint186,adaptive190_MT,checkpoint186,
1246_008370,008370,0.426,1.6095,11.7632,4.5996,1,checkpoint186,checkpoint93,checkpoint186,
1247_002584,002584,2.6283,0.3133,8.6702,3.8706,1,checkpoint186,checkpoint93,checkpoint186,
1248_006055,006055,0.8392,8.4065,3.0967,4.1141,1,checkpoint186,adaptive190_MT,checkpoint186,
1249_015524,015524,0.7332,0.3655,0.8684,0.6557,1,checkpoint186,gate155_mt,checkpoint186,
1250_007555,007555,2.8483,0.5343,1.8681,1.7502,1,checkpoint186,selector168_mt_guard171,checkpoint186,
1251_003433,003433,8.5855,4.6896,7.554,6.943,0,checkpoint186,adaptive190_MT,checkpoint186,
1252_013377,013377,4.9073,3.1354,0.8278,2.9568,1,checkpoint186,selector168_mt_guard171,checkpoint186,
1253_011255,011255,3.6133,5.9872,4.9222,4.8409,1,checkpoint186,selector168_mt_guard171,checkpoint186,
1254_004731,004731,0.7458,3.376,6.5668,3.5629,1,checkpoint186,gate155_mt,checkpoint186,
1255_013621,013621,7.9742,3.9732,8.0649,6.6708,0,checkpoint186,adaptive190_MT,checkpoint186,
1256_009808,009808,4.3394,4.4073,5.3491,4.6986,1,checkpoint186,gate135_mt,checkpoint186,
1257_015997,015997,1.0738,5.3788,8.4485,4.967,1,checkpoint186,checkpoint93,checkpoint186,
1258_006153,006153,19.6588,2.1058,3.8585,8.541,0,checkpoint186,selector182_MT,checkpoint186,
1259_004248,004248,2.2755,2.9638,1.2066,2.1486,1,checkpoint186,gate135_mt,checkpoint186,
1260_014045,014045,9.693,6.1519,3.348,6.3976,0,checkpoint186,adaptive190_MT,checkpoint186,
1261_004515,004515,2.3731,2.3421,4.3491,3.0214,1,checkpoint186,checkpoint93,checkpoint186,
1262_006449,006449,4.6176,2.9566,1.5745,3.0496,1,checkpoint186,selector168_mt_guard171,checkpoint186,
1263_006407,006407,0.4564,1.6879,3.1022,1.7488,1,checkpoint186,gate135_mt,checkpoint186,
1264_013381,013381,2.2608,0.7688,4.4425,2.4907,1,checkpoint186,selector168_mt_guard171,checkpoint186,
1265_005951,005951,3.739,4.5802,4.2909,4.2034,1,checkpoint186,selector168_mt_guard171,checkpoint186,
1266_013025,013025,11.4474,7.6754,0.3696,6.4975,0,checkpoint186,adaptive190_MT,checkpoint186,
1267_005112,005112,0.3146,1.4032,4.2456,1.9878,1,checkpoint186,gate135_mt,checkpoint186,
1268_005900,005900,6.0312,0.7678,5.7128,4.1706,1,checkpoint186,selector168_mt_guard171,checkpoint186,
1269_008950,008950,2.4445,4.4525,7.9556,4.9509,1,checkpoint186,gate155_mt,checkpoint186,
1270_009239,009239,3.204,2.0359,3.6761,2.972,1,checkpoint186,selector168_mt_guard171,checkpoint186,
1271_004297,004297,5.5472,6.6315,4.3823,5.5203,0,checkpoint186,adaptive190_MT,checkpoint186,
1272_010502,010502,1.4126,3.0736,4.3531,2.9464,1,checkpoint186,selector168_mt_guard171,checkpoint186,
1273_007085,007085,0.5311,5.1875,5.2512,3.6566,1,checkpoint186,adaptive190_MT,checkpoint186,
1274_013282,013282,0.7219,0.4173,4.6272,1.9221,1,checkpoint186,gate155_mt,checkpoint186,
1275_010198,010198,1.4961,8.1997,1.3846,3.6935,1,checkpoint186,adaptive190_MT,checkpoint186,
1276_011940,011940,0.8788,4.2282,4.7,3.269,1,checkpoint186,selector168_mt_guard171,checkpoint186,
1277_004690,004690,4.8216,0.0285,1.2262,2.0254,1,checkpoint186,checkpoint93,checkpoint186,
1278_015190,015190,6.7591,2.9512,4.0824,4.5976,1,checkpoint186,gate155_mt,checkpoint186,
1279_004080,004080,1.8757,7.4658,9.4609,6.2675,0,checkpoint186,adaptive190_MT,checkpoint186,
1280_006204,006204,2.6077,3.4734,1.4583,2.5131,1,checkpoint186,selector168_mt_guard171,checkpoint186,
1281_006528,006528,3.1276,3.6156,2.2371,2.9934,1,checkpoint186,gate155_mt,checkpoint186,
1282_004366,004366,2.7794,2.2017,3.3952,2.7921,1,checkpoint186,selector168_mt_guard171,checkpoint186,
1283_012755,012755,0.976,5.1227,4.9745,3.6911,1,checkpoint186,adaptive190_MT,checkpoint186,
1284_008702,008702,2.6586,2.3122,1.1678,2.0462,1,checkpoint186,checkpoint93,checkpoint186,
1285_008033,008033,22.914,1.5312,6.8315,10.4256,0,checkpoint186,checkpoint93,checkpoint186,
1286_001538,001538,0.9088,5.989,1.8084,2.9021,1,checkpoint186,adaptive190_MT,checkpoint186,
1287_000651,000651,5.6826,1.8588,1.8928,3.1447,1,checkpoint186,gate155_mt,checkpoint186,
1288_002643,002643,3.1867,2.4251,3.475,3.0289,1,checkpoint186,gate135_mt,checkpoint186,
1289_008225,008225,0.8443,2.9942,6.2281,3.3555,1,checkpoint186,gate155_mt,checkpoint186,
1290_009203,009203,5.9464,2.6795,9.2955,5.9738,0,checkpoint186,selector168_mt_guard171,checkpoint186,
1291_004447,004447,5.2096,4.0926,1.7612,3.6878,1,checkpoint186,gate155_mt,checkpoint186,
1292_005344,005344,1.0381,2.5815,3.0485,2.2227,1,checkpoint186,gate155_mt,checkpoint186,
1293_007910,007910,1.538,4.7117,7.3317,4.5271,1,checkpoint186,gate155_mt,checkpoint186,
1294_000478,000478,5.8119,2.8958,9.2441,5.9839,0,checkpoint186,gate155_mt,checkpoint186,
1295_004643,004643,0.7135,2.5566,6.019,3.0964,1,pt200,selector168_mt_guard171,checkpoint186,
1296_001267,001267,0.2066,7.7851,0.7722,2.9213,1,checkpoint186,adaptive190_MT,checkpoint186,
1297_000302,000302,2.4724,3.3172,1.0427,2.2774,1,checkpoint186,checkpoint93,checkpoint186,
1298_003028,003028,7.0778,1.2098,0.4464,2.9113,1,checkpoint186,selector168_mt_guard171,checkpoint186,
1299_014255,014255,1.1945,3.131,3.141,2.4888,1,checkpoint186,checkpoint93,checkpoint186,
1300_013802,013802,8.0455,2.1006,2.9241,4.3567,1,checkpoint186,checkpoint93,checkpoint186,
1301_001774,001774,0.9895,3.1151,7.4041,3.8362,1,checkpoint186,selector168_mt_guard171,checkpoint186,
1302_005219,005219,0.7908,1.5905,3.9959,2.1257,1,checkpoint186,selector168_mt_guard171,checkpoint186,
1303_014514,014514,2.2544,4.0165,6.1117,4.1275,1,checkpoint186,adaptive190_MT,checkpoint186,
1304_000567,000567,1.0303,6.6911,5.1722,4.2979,1,checkpoint186,adaptive190_MT,checkpoint186,
1305_002854,002854,2.7833,1.3211,7.0519,3.7188,1,checkpoint186,gate155_mt,checkpoint186,
1306_005491,005491,8.3577,3.0981,0.365,3.9403,1,checkpoint186,selector168_mt_guard171,checkpoint186,
1307_003851,003851,2.5199,1.0614,1.5774,1.7196,1,checkpoint186,gate155_mt,checkpoint186,
1308_009533,009533,3.1147,4.3632,0.2985,2.5921,1,checkpoint186,selector168_mt_guard171,checkpoint186,
1309_006806,006806,0.0497,0.7084,2.302,1.02,1,checkpoint186,checkpoint93,checkpoint186,
1310_002285,002285,1.1968,0.2752,21.0285,7.5002,0,checkpoint186,selector182_MT,checkpoint186,
1311_003000,003000,3.5467,3.4666,0.6962,2.5698,1,checkpoint186,adaptive190_MT,checkpoint186,
1312_014614,014614,6.3081,7.6691,4.5972,6.1915,0,checkpoint186,adaptive190_MT,checkpoint186,
1313_006791,006791,1.6152,0.6407,0.8361,1.0307,1,checkpoint186,gate155_mt,checkpoint186,
1314_009984,009984,1.6953,1.7143,6.6689,3.3595,1,checkpoint186,gate135_mt,checkpoint186,
1315_011208,011208,10.322,16.1471,1.767,9.412,0,checkpoint186,selector182_MT,checkpoint186,
1316_000838,000838,3.3465,2.4336,6.3682,4.0494,1,checkpoint186,gate135_mt,checkpoint186,
1317_014093,014093,2.1344,3.8034,7.6604,4.5327,1,checkpoint186,selector168_mt_guard171,checkpoint186,
1318_011300,011300,4.1626,1.9773,1.7365,2.6255,1,checkpoint186,selector168_mt_guard171,checkpoint186,
1319_001308,001308,3.1023,1.8042,2.121,2.3425,1,checkpoint186,gate155_mt,checkpoint186,
1320_007471,007471,1.2123,1.9734,5.5773,2.921,1,checkpoint186,gate155_mt,checkpoint186,
1321_004157,004157,1.8078,2.1025,0.6911,1.5338,1,checkpoint186,checkpoint93,checkpoint186,
1322_012007,012007,21.275,0.5148,0.6875,7.4924,0,checkpoint186,selector168_mt_guard171,checkpoint186,
1323_006971,006971,1.6616,3.0421,3.741,2.8149,1,checkpoint186,adaptive190_MT,checkpoint186,
1324_013793,013793,4.2457,5.3239,3.2279,4.2658,1,checkpoint186,adaptive190_MT,checkpoint186,
1325_015853,015853,2.1123,0.1097,1.8717,1.3646,1,checkpoint186,selector168_mt_guard171,checkpoint186,
1326_005345,005345,0.2925,0.5407,1.0191,0.6174,1,checkpoint186,gate135_mt,checkpoint186,
1327_007881,007881,4.3644,5.8747,5.0832,5.1074,0,checkpoint186,adaptive190_MT,checkpoint186,
1328_003710,003710,2.9971,0.2849,4.8632,2.7151,1,checkpoint186,gate155_mt,checkpoint186,
1329_007559,007559,1.4752,3.6554,0.0196,1.7167,1,checkpoint186,gate135_mt,checkpoint186,
1330_011051,011051,4.7143,4.6226,0.8401,3.3923,1,checkpoint186,adaptive190_MT,checkpoint186,
1331_007598,007598,0.1698,6.9325,4.1125,3.7383,1,checkpoint186,adaptive190_MT,checkpoint186,
1332_008302,008302,4.3794,0.5423,1.2683,2.0633,1,checkpoint186,selector168_mt_guard171,checkpoint186,
1333_006631,006631,4.3981,2.3434,2.8151,3.1855,1,checkpoint186,selector168_mt_guard171,checkpoint186,
1334_000256,000256,5.4386,2.7452,0.6908,2.9582,1,checkpoint186,selector168_mt_guard171,checkpoint186,
1335_005733,005733,3.024,11.1641,1.3679,5.1853,0,checkpoint186,adaptive190_MT,checkpoint186,
1336_004949,004949,1.3174,3.6888,1.7438,2.25,1,checkpoint186,checkpoint93,checkpoint186,
1337_000515,000515,9.0196,1.6157,3.9531,4.8628,1,checkpoint186,checkpoint93,checkpoint186,
1338_009713,009713,0.8728,5.4961,4.1565,3.5085,1,checkpoint186,adaptive190_MT,checkpoint186,
1339_010203,010203,4.0783,0.7385,1.5637,2.1268,1,checkpoint186,gate135_mt,checkpoint186,
1340_005971,005971,4.1482,9.132,3.8121,5.6974,0,checkpoint186,adaptive190_MT,checkpoint186,
1341_001500,001500,5.3876,3.9182,8.7017,6.0025,0,checkpoint186,adaptive190_MT,checkpoint186,
1342_008065,008065,10.8889,4.5645,5.9535,7.1356,0,checkpoint186,adaptive190_MT,checkpoint186,
1343_005781,005781,0.0377,7.8203,1.505,3.121,1,checkpoint186,checkpoint93,checkpoint186,
1344_004424,004424,3.0053,1.2048,0.5223,1.5775,1,checkpoint186,selector168_mt_guard171,checkpoint186,
1345_006406,006406,1.9301,2.3235,5.5503,3.268,1,checkpoint186,selector168_mt_guard171,checkpoint186,
1346_015269,015269,1.2129,3.8144,6.2186,3.7486,1,checkpoint186,gate155_mt,checkpoint186,
1347_009428,009428,3.5796,2.4312,1.4847,2.4985,1,checkpoint186,gate155_mt,checkpoint186,
1348_006201,006201,3.0577,1.5614,5.7368,3.452,1,checkpoint186,checkpoint93,checkpoint186,
1349_015438,015438,17.2101,0.2594,3.5571,7.0089,0,checkpoint186,selector168_mt_guard171,checkpoint186,
1350_000563,000563,0.0164,2.6853,7.7738,3.4918,1,checkpoint186,gate155_mt,checkpoint186,
1351_008129,008129,5.3252,0.948,8.2214,4.8315,1,checkpoint186,selector168_mt_guard171,checkpoint186,
1352_006798,006798,0.0226,0.7724,0.933,0.576,1,checkpoint186,selector168_mt_guard171,checkpoint186,
1353_014134,014134,10.1617,4.3873,9.4949,8.0146,0,checkpoint186,selector186_old_MT,checkpoint186,
1354_014446,014446,0.4376,1.5582,0.0301,0.6753,1,checkpoint186,gate135_mt,checkpoint186,
1355_013686,013686,1.2359,2.2423,3.9718,2.4833,1,checkpoint186,gate155_mt,checkpoint186,
1356_004861,004861,3.7455,1.6941,3.8529,3.0975,1,checkpoint186,checkpoint93,checkpoint186,
1357_006984,006984,5.2491,3.8773,7.7291,5.6185,0,checkpoint186,checkpoint93,checkpoint186,
1358_002260,002260,4.7828,2.4856,4.0579,3.7754,1,checkpoint186,selector168_mt_guard171,checkpoint186,
1359_013789,013789,3.2972,3.2862,1.6931,2.7588,1,checkpoint186,gate135_mt,checkpoint186,
1360_009676,009676,7.2729,0.1677,2.5103,3.317,1,checkpoint186,selector168_mt_guard171,checkpoint186,
1361_011801,011801,1.4997,3.9416,1.1432,2.1948,1,checkpoint186,selector168_mt_guard171,checkpoint186,
1362_002669,002669,9.2003,10.2488,0.3299,6.593,0,checkpoint186,adaptive190_MT,checkpoint186,
1363_008907,008907,3.1145,1.1054,5.483,3.2343,1,checkpoint186,gate155_mt,checkpoint186,
1364_010392,010392,3.0362,1.7683,3.0268,2.6104,1,checkpoint186,checkpoint93,checkpoint186,
1365_008454,008454,2.3066,1.0934,3.4159,2.272,1,checkpoint186,checkpoint93,checkpoint186,
1366_007325,007325,0.2386,1.1113,4.1234,1.8244,1,checkpoint186,checkpoint93,checkpoint186,
1367_013714,013714,1.62,0.3812,0.0384,0.6799,1,checkpoint186,selector168_mt_guard171,checkpoint186,
1368_003855,003855,6.8291,4.0768,3.3725,4.7595,1,checkpoint186,adaptive190_MT,checkpoint186,
1369_008151,008151,1.7028,4.8762,7.5762,4.7184,1,checkpoint186,checkpoint93,checkpoint186,
1370_007306,007306,1.9591,2.5836,8.0926,4.2118,1,checkpoint186,selector168_mt_guard171,checkpoint186,
1371_002186,002186,1.5202,0.3223,10.2963,4.0463,1,checkpoint186,selector168_mt_guard171,checkpoint186,
1372_001274,001274,0.3597,1.1022,0.8383,0.7667,1,checkpoint186,gate155_mt,checkpoint186,
1373_004606,004606,6.0207,2.9102,1.8537,3.5949,1,checkpoint186,adaptive190_MT,checkpoint186,
1374_011730,011730,2.7223,2.7933,5.268,3.5945,1,checkpoint186,gate155_mt,checkpoint186,
1375_008725,008725,0.9917,5.3711,1.3915,2.5848,1,checkpoint186,adaptive190_MT,checkpoint186,
1376_012093,012093,2.2044,9.0106,4.084,5.0997,0,checkpoint186,adaptive190_MT,checkpoint186,
1377_015148,015148,0.6453,5.9072,0.4588,2.3371,1,checkpoint186,checkpoint93,checkpoint186,
1378_006024,006024,2.2589,0.5056,6.1996,2.988,1,checkpoint186,gate155_mt,checkpoint186,
1379_002314,002314,9.1087,12.4736,0.0033,7.1952,0,checkpoint186,checkpoint93,checkpoint186,
1380_002416,002416,0.9455,11.6889,4.6723,5.7689,0,checkpoint186,adaptive190_MT,checkpoint186,
1381_005695,005695,7.2549,1.508,2.8587,3.8739,1,checkpoint186,selector168_mt_guard171,checkpoint186,
1382_011798,011798,3.8082,5.3448,5.1481,4.767,1,checkpoint186,checkpoint93,checkpoint186,
1383_007294,007294,6.7154,3.5225,3.1961,4.478,1,checkpoint186,selector168_mt_guard171,checkpoint186,
1384_010298,010298,6.3038,0.4077,7.6277,4.7797,1,checkpoint186,selector168_mt_guard171,checkpoint186,
1385_009123,009123,4.637,6.0516,1.9032,4.1973,1,checkpoint186,adaptive190_MT,checkpoint186,
1386_010193,010193,3.6659,0.0817,5.2209,2.9895,1,checkpoint186,selector168_mt_guard171,checkpoint186,
1387_007577,007577,1.4317,1.6664,2.5425,1.8802,1,checkpoint186,gate155_mt,checkpoint186,
1388_008235,008235,3.1077,3.0001,0.2257,2.1112,1,checkpoint186,gate155_mt,checkpoint186,
1389_013136,013136,0.8914,2.8085,4.3484,2.6828,1,checkpoint186,adaptive190_MT,checkpoint186,
1390_000379,000379,3.7871,3.4836,4.028,3.7662,1,checkpoint186,adaptive190_MT,checkpoint186,
1391_008979,008979,0.6908,2.5088,1.1099,1.4365,1,checkpoint186,selector168_mt_guard171,checkpoint186,
1392_011098,011098,2.8866,3.522,8.7418,5.0501,0,checkpoint186,gate155_mt,checkpoint186,
1393_012162,012162,1.684,3.572,8.682,4.646,1,checkpoint186,adaptive190_MT,checkpoint186,
1394_007976,007976,0.2833,0.2779,0.6428,0.4013,1,checkpoint186,selector168_mt_guard171,checkpoint186,
1395_005036,005036,3.0192,2.2277,1.3104,2.1858,1,checkpoint186,selector168_mt_guard171,checkpoint186,
1396_005901,005901,0.6205,4.3169,3.918,2.9518,1,checkpoint186,gate135_mt,tll197_combo,
1397_012856,012856,5.5558,3.4055,4.1879,4.3831,1,checkpoint186,checkpoint93,checkpoint186,
1398_012988,012988,6.3496,0.8182,3.16,3.4426,1,checkpoint186,selector168_mt_guard171,checkpoint186,
1399_006919,006919,2.6642,3.9819,1.3208,2.6556,1,checkpoint186,adaptive190_MT,checkpoint186,
1400_006836,006836,2.6584,0.2054,1.0298,1.2979,1,checkpoint186,selector168_mt_guard171,checkpoint186,
401_001647,001647,1.9892,6.8248,1.3086,3.3742,1,pt200,adaptive190_MT,checkpoint186,
402_003670,003670,0.2843,5.9767,7.4177,4.5596,1,pt200,adaptive190_MT,checkpoint186,
403_014528,014528,2.9435,9.6734,3.6397,5.4189,0,checkpoint186,adaptive190_MT,checkpoint186,
404_013710,013710,3.3321,3.1562,1.4902,2.6595,1,checkpoint186,selector168_mt_guard171,checkpoint186,
405_014893,014893,0.7528,1.2003,4.6177,2.1903,1,checkpoint186,selector168_mt_guard171,checkpoint186,
406_004268,004268,8.5554,7.0845,0.1377,5.2592,0,checkpoint186,adaptive190_MT,checkpoint186,
407_003746,003746,21.1991,5.2112,2.7825,9.7309,0,checkpoint186,adaptive190_MT,checkpoint186,
408_006736,006736,1.9876,0.1324,3.1388,1.7529,1,checkpoint186,selector168_mt_guard171,checkpoint186,
409_002231,002231,4.5667,4.7456,12.0383,7.1169,0,checkpoint186,adaptive190_MT,checkpoint186,
410_008932,008932,2.8597,5.6868,0.2025,2.9163,1,checkpoint186,adaptive190_MT,checkpoint186,
411_014551,014551,0.6947,0.5955,0.7867,0.6923,1,checkpoint186,gate135_mt,checkpoint186,
412_000491,000491,10.5584,0.1833,3.0638,4.6018,1,checkpoint186,checkpoint93,checkpoint186,
413_000142,000142,3.0515,3.8691,0.3224,2.4143,1,checkpoint186,gate155_mt,checkpoint186,
414_005995,005995,3.132,2.7186,4.0211,3.2906,1,checkpoint186,checkpoint93,checkpoint186,
415_010959,010959,0.8586,3.725,1.4739,2.0192,1,pt200,checkpoint93,checkpoint186,
416_006096,006096,10.9913,0.1202,2.7578,4.6231,1,checkpoint186,selector168_mt_guard171,checkpoint186,
417_006104,006104,1.9833,3.4158,6.1711,3.8567,1,checkpoint186,gate135_mt,checkpoint186,
418_004328,004328,2.3396,0.7057,3.0273,2.0242,1,checkpoint186,gate135_mt,checkpoint186,
419_011847,011847,3.1989,4.5475,1.1543,2.9669,1,checkpoint186,adaptive190_MT,checkpoint186,
420_011310,011310,12.9025,7.4744,1.4359,7.2709,0,checkpoint186,checkpoint93,checkpoint186,
421_013858,013858,17.4475,9.5709,0.5714,9.1966,0,checkpoint186,selector186_old_MT,checkpoint186,
422_001321,001321,2.483,0.7038,4.507,2.5646,1,checkpoint186,selector168_mt_guard171,checkpoint186,
423_006001,006001,7.3917,0.8935,3.0621,3.7824,1,checkpoint186,selector168_mt_guard171,checkpoint186,
424_004444,004444,0.9527,1.1193,0.5751,0.8824,1,checkpoint186,gate135_mt,checkpoint186,
425_008343,008343,2.0083,7.2545,5.4674,4.9101,1,checkpoint186,checkpoint93,checkpoint186,
426_003303,003303,5.8316,1.3645,4.2488,3.815,1,checkpoint186,selector168_mt_guard171,checkpoint186,
427_005848,005848,3.1685,7.5798,6.891,5.8798,0,checkpoint186,checkpoint93,checkpoint186,
428_014112,014112,0.0222,3.1058,4.8333,2.6538,1,checkpoint186,selector168_mt_guard171,checkpoint186,
429_007224,007224,0.4508,1.0362,3.1381,1.5417,1,checkpoint186,gate155_mt,checkpoint186,
430_003800,003800,0.2794,3.7166,5.6541,3.2167,1,checkpoint186,adaptive190_MT,checkpoint186,
431_014284,014284,3.0705,0.7929,1.4882,1.7839,1,checkpoint186,selector168_mt_guard171,checkpoint186,
432_014309,014309,4.3422,3.3213,5.136,4.2665,1,checkpoint186,selector168_mt_guard171,checkpoint186,
433_010938,010938,4.4759,3.0025,5.7144,4.3976,1,checkpoint186,gate155_mt,checkpoint186,
434_003375,003375,0.0073,1.2615,4.7248,1.9979,1,checkpoint186,selector168_mt_guard171,checkpoint186,
435_011556,011556,1.3232,1.7063,2.4482,1.8259,1,checkpoint186,checkpoint93,checkpoint186,
436_010812,010812,2.7114,2.6576,3.2204,2.8631,1,checkpoint186,checkpoint93,checkpoint186,
437_004858,004858,10.5735,8.5164,8.963,9.351,0,checkpoint186,selector186_old_MT,checkpoint186,
438_008008,008008,2.435,6.1222,0.3427,2.9666,1,checkpoint186,checkpoint93,checkpoint186,
439_004291,004291,5.171,2.0785,4.4594,3.903,1,checkpoint186,selector168_mt_guard171,checkpoint186,
440_004556,004556,3.0654,0.5712,2.5953,2.0773,1,checkpoint186,gate155_mt,checkpoint186,
441_002565,002565,3.8994,6.3794,8.5709,6.2832,0,checkpoint186,adaptive190_MT,checkpoint186,
442_001728,001728,0.0775,0.7747,6.6152,2.4891,1,checkpoint186,selector168_mt_guard171,checkpoint186,
443_003396,003396,0.393,2.8423,0.8177,1.351,1,checkpoint186,checkpoint93,checkpoint186,
444_010032,010032,3.5695,0.8864,5.962,3.4726,1,checkpoint186,gate155_mt,checkpoint186,
445_010377,010377,1.2551,4.7158,3.6217,3.1975,1,checkpoint186,adaptive190_MT,checkpoint186,
446_004041,004041,1.4356,0.6029,2.8923,1.6436,1,checkpoint186,gate135_mt,checkpoint186,
447_000337,000337,2.1433,7.1613,0.3699,3.2248,1,checkpoint186,adaptive190_MT,checkpoint186,
448_007336,007336,1.2354,7.1838,1.7766,3.3986,1,checkpoint186,adaptive190_MT,checkpoint186,
449_007039,007039,3.6948,6.1736,6.1216,5.33,0,checkpoint186,adaptive190_MT,checkpoint186,
450_007126,007126,0.798,2.2959,2.187,1.7603,1,pt200,checkpoint93,checkpoint186,
451_006724,006724,3.3186,2.2707,3.1251,2.9048,1,checkpoint186,gate155_mt,checkpoint186,
452_003491,003491,1.6008,4.6337,2.949,3.0612,1,checkpoint186,adaptive190_MT,checkpoint186,
453_001152,001152,5.1004,2.6358,2.4099,3.382,1,checkpoint186,gate135_mt,checkpoint186,
454_000924,000924,3.1629,1.1339,6.9855,3.7608,1,checkpoint186,selector168_mt_guard171,checkpoint186,
455_011756,011756,3.1166,5.5505,5.4083,4.6918,1,checkpoint186,selector168_mt_guard171,checkpoint186,
456_013185,013185,6.399,12.0196,3.6045,7.341,0,pt200,adaptive190_MT,checkpoint186,
457_007478,007478,3.1929,3.4692,4.934,3.8654,1,checkpoint186,selector168_mt_guard171,checkpoint186,
458_012998,012998,2.5426,2.9815,2.2557,2.5933,1,checkpoint186,adaptive190_MT,checkpoint186,
459_012932,012932,1.9578,0.2294,1.1729,1.12,1,checkpoint186,gate155_mt,checkpoint186,
460_004391,004391,1.4131,0.9627,0.9371,1.1043,1,checkpoint186,checkpoint93,checkpoint186,
461_011741,011741,6.043,2.4902,0.6638,3.0657,1,checkpoint186,gate155_mt,checkpoint186,
462_009300,009300,1.1087,3.9784,5.7163,3.6011,1,checkpoint186,checkpoint93,checkpoint186,
463_003715,003715,13.6382,5.7379,2.1804,7.1855,0,checkpoint186,checkpoint93,checkpoint186,
464_007402,007402,9.7028,5.2309,1.1252,5.353,0,checkpoint186,checkpoint93,checkpoint186,
465_002240,002240,9.6607,2.2837,1.2629,4.4024,1,checkpoint186,selector168_mt_guard171,checkpoint186,
466_015852,015852,1.9423,4.6269,5.6121,4.0604,1,checkpoint186,adaptive190_MT,checkpoint186,
467_015358,015358,0.2636,12.0526,4.4909,5.6024,0,checkpoint186,adaptive190_MT,checkpoint186,
468_002419,002419,7.634,3.9673,0.8404,4.1472,1,checkpoint186,adaptive190_MT,checkpoint186,
469_005274,005274,8.2402,3.523,1.5457,4.4363,1,checkpoint186,gate155_mt,checkpoint186,
470_013227,013227,1.2917,6.3821,1.2979,2.9906,1,checkpoint186,checkpoint93,checkpoint186,
471_010948,010948,3.9842,0.0257,3.6792,2.563,1,checkpoint186,selector168_mt_guard171,checkpoint186,
472_014449,014449,2.294,1.3658,1.545,1.7349,1,checkpoint186,checkpoint93,checkpoint186,
473_007100,007100,5.7097,1.2962,3.1433,3.3831,1,checkpoint186,gate155_mt,checkpoint186,
474_014875,014875,8.7212,3.4164,8.3919,6.8432,0,checkpoint186,checkpoint93,sf204_tll159,TL_L
475_015077,015077,3.7757,5.5356,5.9649,5.0921,0,checkpoint186,adaptive190_MT,checkpoint186,
476_004240,004240,1.8075,6.2105,6.0355,4.6845,1,checkpoint186,checkpoint93,checkpoint186,
477_003335,003335,5.3364,1.4766,1.2979,2.7036,1,checkpoint186,checkpoint93,checkpoint186,
478_011000,011000,2.6218,3.6201,6.8334,4.3584,1,checkpoint186,gate155_mt,checkpoint186,
479_005481,005481,5.8578,0.1865,0.5455,2.1966,1,checkpoint186,gate155_mt,checkpoint186,
480_004889,004889,0.9024,2.5219,5.9685,3.1309,1,checkpoint186,gate155_mt,checkpoint186,
481_011884,011884,0.2421,3.6549,7.9822,3.9597,1,checkpoint186,checkpoint93,checkpoint186,
482_003938,003938,1.6982,0.2554,0.6146,0.8561,1,checkpoint186,gate155_mt,checkpoint186,
483_014930,014930,6.9787,5.7382,4.1811,5.6327,0,checkpoint186,adaptive190_MT,checkpoint186,
484_015869,015869,2.3497,5.2965,2.8418,3.496,1,pt200,checkpoint93,checkpoint186,
485_004074,004074,2.1244,2.0009,0.7361,1.6205,1,checkpoint186,gate135_mt,checkpoint186,
486_000089,000089,1.4216,8.0233,0.5221,3.3223,1,checkpoint186,checkpoint93,checkpoint186,
487_011535,011535,4.228,9.0475,3.8825,5.7193,0,checkpoint186,adaptive190_MT,checkpoint186,
488_008585,008585,0.9046,2.1524,2.1027,1.7199,1,checkpoint186,gate135_mt,checkpoint186,
489_014658,014658,2.4078,1.1318,8.7097,4.0831,1,checkpoint186,gate155_mt,checkpoint186,
490_001750,001750,0.3982,3.7936,0.6964,1.6294,1,checkpoint186,gate155_mt,checkpoint186,
491_006881,006881,1.9179,2.4263,0.6938,1.6793,1,checkpoint186,gate155_mt,checkpoint186,
492_006220,006220,5.2334,0.2393,6.4697,3.9808,1,checkpoint186,gate155_mt,checkpoint186,
493_009474,009474,5.9913,3.0255,4.44,4.4856,1,checkpoint186,selector168_mt_guard171,checkpoint186,
494_011430,011430,3.5227,3.1443,0.9304,2.5325,1,checkpoint186,gate135_mt,checkpoint186,
495_013526,013526,1.4032,0.9277,1.8849,1.4053,1,checkpoint186,selector168_mt_guard171,checkpoint186,
496_003040,003040,4.5045,7.1517,5.2245,5.6269,0,checkpoint186,adaptive190_MT,checkpoint186,
497_012850,012850,0.3283,1.8476,1.3445,1.1735,1,checkpoint186,gate155_mt,checkpoint186,
498_003554,003554,1.7717,0.5386,4.5206,2.277,1,checkpoint186,selector168_mt_guard171,checkpoint186,
499_013436,013436,0.487,4.067,3.3663,2.6401,1,pt200,adaptive190_MT,checkpoint186,
500_007623,007623,3.7988,3.0944,0.6868,2.5267,1,checkpoint186,checkpoint93,checkpoint186,
501_015246,015246,2.1958,0.9524,3.1656,2.1046,1,checkpoint186,selector168_mt_guard171,checkpoint186,
502_010928,010928,3.5666,3.6409,1.8966,3.0347,1,checkpoint186,selector168_mt_guard171,checkpoint186,
503_012029,012029,3.6594,2.8183,1.0179,2.4985,1,checkpoint186,gate155_mt,checkpoint186,
504_012448,012448,3.5792,0.3673,0.039,1.3285,1,checkpoint186,gate155_mt,checkpoint186,
505_001794,001794,0.9904,1.2171,5.4313,2.5463,1,checkpoint186,gate135_mt,checkpoint186,
506_004193,004193,0.1905,3.2035,5.2622,2.8854,1,checkpoint186,selector168_mt_guard171,checkpoint186,
507_015105,015105,3.8094,2.0958,1.0701,2.3251,1,checkpoint186,checkpoint93,checkpoint186,
508_007654,007654,6.4795,0.363,0.3288,2.3904,1,checkpoint186,selector168_mt_guard171,checkpoint186,
509_008677,008677,1.6357,2.9477,4.2839,2.9558,1,checkpoint186,gate135_mt,checkpoint186,
510_014605,014605,2.3238,2.2863,8.3033,4.3045,1,checkpoint186,gate155_mt,checkpoint186,
511_011084,011084,3.1276,0.4168,2.695,2.0798,1,checkpoint186,checkpoint93,checkpoint186,
512_006894,006894,2.8268,5.1643,2.4656,3.4856,1,checkpoint186,adaptive190_MT,checkpoint186,
513_008147,008147,5.2591,2.4303,4.5196,4.0697,1,checkpoint186,checkpoint93,checkpoint186,
514_005682,005682,3.1979,0.1156,3.8047,2.3727,1,checkpoint186,selector168_mt_guard171,checkpoint186,
515_013484,013484,0.7364,3.9244,11.3692,5.3433,0,checkpoint186,selector168_mt_guard171,checkpoint186,
516_006716,006716,1.4027,4.1573,1.707,2.4223,1,checkpoint186,gate135_mt,checkpoint186,
517_006920,006920,1.0975,4.6397,11.6327,5.79,0,checkpoint186,adaptive190_MT,checkpoint186,
518_004004,004004,4.7028,3.5164,0.3089,2.8427,1,checkpoint186,checkpoint93,checkpoint186,
519_012361,012361,4.3848,0.3896,3.2293,2.6679,1,checkpoint186,gate155_mt,checkpoint186,
520_005683,005683,0.9604,0.195,3.1475,1.4343,1,checkpoint186,gate155_mt,checkpoint186,
521_001475,001475,8.2984,4.0601,0.3668,4.2418,1,checkpoint186,gate155_mt,checkpoint186,
522_004625,004625,2.6475,3.6676,6.1315,4.1489,1,checkpoint186,adaptive190_MT,checkpoint186,
523_001020,001020,15.0979,2.5926,13.0036,10.2314,0,checkpoint186,selector185_f4_MT,checkpoint186,
524_004969,004969,2.3156,0.1321,7.9388,3.4622,1,checkpoint186,selector168_mt_guard171,checkpoint186,
525_009280,009280,13.0047,1.3047,0.9251,5.0782,0,checkpoint186,checkpoint93,checkpoint186,
526_011321,011321,1.2197,3.6102,1.4484,2.0928,1,checkpoint186,gate135_mt,checkpoint186,
527_001246,001246,8.2944,2.9228,1.3486,4.1886,1,checkpoint186,checkpoint93,checkpoint186,
528_014116,014116,7.4791,2.286,4.736,4.8337,1,checkpoint186,selector168_mt_guard171,checkpoint186,
529_015677,015677,0.6595,0.0252,8.554,3.0796,1,checkpoint186,selector168_mt_guard171,checkpoint186,
530_003835,003835,1.7285,2.1295,1.5968,1.8183,1,checkpoint186,gate155_mt,checkpoint186,
531_005185,005185,7.2346,3.1681,3.0642,4.489,1,checkpoint186,selector168_mt_guard171,checkpoint186,
532_008638,008638,4.8277,2.3338,1.6691,2.9435,1,checkpoint186,selector168_mt_guard171,checkpoint186,
533_006089,006089,6.5193,4.0905,2.3221,4.3106,1,checkpoint186,selector168_mt_guard171,checkpoint186,
534_004629,004629,2.657,1.2149,3.2136,2.3618,1,checkpoint186,selector168_mt_guard171,checkpoint186,
535_006676,006676,3.2444,2.1059,5.8356,3.7286,1,checkpoint186,gate155_mt,checkpoint186,
536_010909,010909,3.8451,2.1592,6.6456,4.2166,1,checkpoint186,selector168_mt_guard171,checkpoint186,
537_011039,011039,2.3048,1.8261,1.9075,2.0128,1,pt200,selector168_mt_guard171,checkpoint186,
538_007604,007604,2.2233,3.0703,8.075,4.4562,1,checkpoint186,checkpoint93,checkpoint186,
539_013289,013289,7.9962,3.8023,10.8682,7.5556,0,checkpoint186,selector182_MT,tll197_combo,
540_008159,008159,9.9747,2.9181,3.3748,5.4225,0,checkpoint186,selector168_mt_guard171,checkpoint186,
541_009570,009570,3.5931,3.8772,4.1582,3.8762,1,checkpoint186,selector168_mt_guard171,checkpoint186,
542_010162,010162,1.2688,4.2757,0.4011,1.9819,1,checkpoint186,selector168_mt_guard171,checkpoint186,
543_007874,007874,5.3026,1.0842,4.0551,3.4806,1,checkpoint186,selector168_mt_guard171,checkpoint186,
544_002268,002268,1.4307,2.512,1.4725,1.8051,1,checkpoint186,gate155_mt,checkpoint186,
545_009837,009837,5.6561,3.6264,5.1333,4.8053,1,checkpoint186,selector168_mt_guard171,checkpoint186,
546_009561,009561,2.638,9.4896,7.5809,6.5695,0,checkpoint186,adaptive190_MT,checkpoint186,
547_000081,000081,2.7193,1.0894,5.2228,3.0105,1,checkpoint186,checkpoint93,checkpoint186,
548_007140,007140,4.6474,0.097,2.342,2.3621,1,checkpoint186,selector168_mt_guard171,checkpoint186,
549_002084,002084,4.1059,1.2184,4.469,3.2644,1,checkpoint186,selector168_mt_guard171,checkpoint186,
550_015042,015042,11.4489,5.4612,4.004,6.9714,0,checkpoint186,checkpoint93,checkpoint186,
551_002706,002706,25.5192,0.5461,8.5251,11.5301,0,checkpoint186,selector182_MT,checkpoint186,
552_000365,000365,0.6152,4.7799,0.5086,1.9679,1,checkpoint186,adaptive190_MT,checkpoint186,
553_002833,002833,1.7844,2.0305,1.4933,1.7694,1,checkpoint186,selector168_mt_guard171,checkpoint186,
554_000396,000396,1.7413,0.2269,1.513,1.1604,1,checkpoint186,selector168_mt_guard171,checkpoint186,
555_009149,009149,5.6902,6.0595,3.08,4.9432,1,checkpoint186,checkpoint93,checkpoint186,
556_015277,015277,3.2963,4.4302,1.5791,3.1019,1,checkpoint186,gate155_mt,checkpoint186,
557_013604,013604,1.0646,0.5566,2.2682,1.2965,1,checkpoint186,gate135_mt,checkpoint186,
558_002514,002514,6.0103,2.0944,2.0897,3.3981,1,checkpoint186,gate155_mt,checkpoint186,
559_010061,010061,2.8343,1.9356,4.6998,3.1566,1,checkpoint186,gate135_mt,checkpoint186,
560_000779,000779,0.1284,1.3199,0.602,0.6834,1,checkpoint186,gate155_mt,checkpoint186,
561_004659,004659,1.0279,4.1666,0.5009,1.8985,1,checkpoint186,checkpoint93,checkpoint186,
562_013316,013316,6.7911,0.7452,2.6786,3.405,1,checkpoint186,gate155_mt,checkpoint186,
563_008371,008371,1.256,6.3355,3.3946,3.662,1,checkpoint186,adaptive190_MT,checkpoint186,
564_013962,013962,1.6431,5.3785,1.24,2.7539,1,checkpoint186,adaptive190_MT,checkpoint186,
565_009479,009479,3.3706,3.6449,4.5404,3.852,1,checkpoint186,adaptive190_MT,checkpoint186,
566_000141,000141,3.4399,3.6099,6.3497,4.4665,1,checkpoint186,selector168_mt_guard171,checkpoint186,
567_009500,009500,1.1876,0.0874,3.3933,1.5561,1,checkpoint186,checkpoint93,checkpoint186,
568_013074,013074,3.7374,0.1314,7.5753,3.8147,1,checkpoint186,selector168_mt_guard171,checkpoint186,
569_004626,004626,2.2441,1.2596,3.1123,2.2053,1,checkpoint186,selector168_mt_guard171,checkpoint186,
570_011817,011817,2.8066,1.4537,3.399,2.5531,1,checkpoint186,gate135_mt,checkpoint186,
571_003684,003684,5.9038,6.2578,2.7758,4.9791,1,checkpoint186,gate155_mt,checkpoint186,
572_011216,011216,3.5938,6.6184,6.9805,5.7309,0,checkpoint186,adaptive190_MT,checkpoint186,
573_002048,002048,27.0451,12.1403,15.2616,18.149,0,checkpoint186,checkpoint93,checkpoint186,
574_007528,007528,0.6617,0.9203,6.184,2.5887,1,checkpoint186,checkpoint93,checkpoint186,
575_001484,001484,2.0618,2.2023,4.9939,3.086,1,checkpoint186,selector168_mt_guard171,checkpoint186,
576_009835,009835,1.2036,0.1452,0.1505,0.4998,1,checkpoint186,selector168_mt_guard171,checkpoint186,
577_012163,012163,0.725,4.1928,6.7071,3.875,1,checkpoint186,checkpoint93,checkpoint186,
578_015095,015095,6.2161,4.2789,3.8427,4.7792,1,checkpoint186,gate155_mt,checkpoint186,
579_013089,013089,0.3819,1.0316,2.4217,1.2784,1,pt200,selector168_mt_guard171,checkpoint186,
580_010050,010050,0.8825,2.8842,5.3093,3.0253,1,checkpoint186,selector168_mt_guard171,checkpoint186,
581_010456,010456,0.7152,3.4265,6.9108,3.6842,1,checkpoint186,selector168_mt_guard171,checkpoint186,
582_001981,001981,4.9151,4.0235,2.5645,3.8344,1,checkpoint186,selector168_mt_guard171,checkpoint186,
583_015752,015752,7.0144,6.4322,9.7722,7.7396,0,checkpoint186,adaptive190_MT,checkpoint186,
584_008662,008662,8.2638,10.9224,1.5163,6.9008,0,checkpoint186,checkpoint93,checkpoint186,
585_001569,001569,0.4847,2.3782,3.1187,1.9939,1,checkpoint186,gate155_mt,checkpoint186,
586_004874,004874,0.0108,0.1288,4.4247,1.5214,1,checkpoint186,selector168_mt_guard171,checkpoint186,
587_000832,000832,0.0214,4.4927,3.2388,2.5843,1,checkpoint186,gate135_mt,checkpoint186,
588_013246,013246,2.1928,6.5144,4.153,4.2867,1,checkpoint186,adaptive190_MT,checkpoint186,
589_002501,002501,1.1492,2.1114,2.117,1.7925,1,checkpoint186,gate155_mt,checkpoint186,
590_006418,006418,2.9754,1.0351,8.2205,4.077,1,checkpoint186,gate155_mt,checkpoint186,
591_015198,015198,0.2503,2.7918,0.7699,1.2707,1,checkpoint186,gate135_mt,checkpoint186,
592_011650,011650,1.7941,6.5261,7.8808,5.4003,0,checkpoint186,adaptive190_MT,checkpoint186,
593_001216,001216,2.1305,3.7035,4.5353,3.4564,1,checkpoint186,selector168_mt_guard171,checkpoint186,
594_003728,003728,2.4178,4.1021,6.2176,4.2458,1,checkpoint186,selector168_mt_guard171,checkpoint186,
595_005968,005968,2.2769,1.0203,4.4755,2.5909,1,checkpoint186,gate135_mt,checkpoint186,
596_015026,015026,4.3444,4.0995,3.1262,3.8567,1,checkpoint186,gate155_mt,checkpoint186,
597_004324,004324,2.5804,5.189,1.477,3.0821,1,checkpoint186,adaptive190_MT,checkpoint186,
598_007567,007567,1.9294,0.6539,1.9748,1.5194,1,checkpoint186,checkpoint93,checkpoint186,
599_002609,002609,1.8797,2.1876,1.9992,2.0222,1,checkpoint186,selector168_mt_guard171,checkpoint186,
600_003102,003102,4.5518,3.7474,6.0499,4.783,1,checkpoint186,adaptive190_MT,checkpoint186,
601_006706,006706,4.5374,7.0279,9.6138,7.0597,0,checkpoint186,adaptive190_MT,checkpoint186,
602_014792,014792,1.975,0.1021,5.6019,2.5597,1,checkpoint186,gate155_mt,checkpoint186,
603_012707,012707,8.1958,3.2262,4.9408,5.4543,0,checkpoint186,gate135_mt,checkpoint186,
604_008056,008056,1.4652,2.9709,0.5226,1.6529,1,checkpoint186,gate155_mt,checkpoint186,
605_000761,000761,6.6061,2.7101,2.3645,3.8936,1,checkpoint186,gate135_mt,checkpoint186,
606_006303,006303,2.206,0.8223,1.7219,1.5834,1,checkpoint186,gate135_mt,checkpoint186,
607_014268,014268,0.5752,1.6965,5.1182,2.4633,1,checkpoint186,checkpoint93,checkpoint186,
608_003428,003428,4.7128,3.0758,3.7526,3.8471,1,checkpoint186,gate135_mt,checkpoint186,
609_007849,007849,2.3599,1.4797,3.9037,2.5811,1,checkpoint186,gate155_mt,checkpoint186,
610_001270,001270,3.185,0.7363,2.5586,2.16,1,checkpoint186,gate155_mt,checkpoint186,
611_008079,008079,0.4124,1.6485,2.8158,1.6256,1,checkpoint186,selector168_mt_guard171,checkpoint186,
612_003385,003385,15.8724,5.7924,7.038,9.5676,0,pt200,adaptive190_MT,checkpoint186,
613_003346,003346,4.0782,3.4845,2.7073,3.4233,1,checkpoint186,gate155_mt,checkpoint186,
614_008241,008241,1.6344,4.6977,4.7991,3.7104,1,checkpoint186,checkpoint93,checkpoint186,
615_011615,011615,7.9455,2.9663,5.4436,5.4518,0,checkpoint186,checkpoint93,checkpoint186,
616_005460,005460,5.8025,1.4974,6.7123,4.6707,1,checkpoint186,checkpoint93,checkpoint186,
617_012199,012199,0.263,0.3055,2.2728,0.9471,1,checkpoint186,selector168_mt_guard171,checkpoint186,
618_012132,012132,3.6759,1.8325,2.1047,2.5377,1,checkpoint186,checkpoint93,checkpoint186,
619_002793,002793,1.9329,0.6584,0.1942,0.9285,1,checkpoint186,checkpoint93,checkpoint186,
620_001232,001232,1.7912,3.768,4.67,3.4097,1,checkpoint186,checkpoint93,checkpoint186,
621_013981,013981,3.5275,2.884,1.7123,2.7079,1,checkpoint186,checkpoint93,checkpoint186,
622_010108,010108,4.3669,1.5356,4.9477,3.6167,1,checkpoint186,selector168_mt_guard171,checkpoint186,
623_013598,013598,6.7486,4.2616,8.9612,6.6571,0,checkpoint186,adaptive190_MT,checkpoint186,
624_013295,013295,3.9038,1.0597,1.037,2.0002,1,checkpoint186,selector168_mt_guard171,checkpoint186,
625_008587,008587,4.6001,7.9195,1.5243,4.6813,1,checkpoint186,selector168_mt_guard171,checkpoint186,
626_013353,013353,0.4487,5.0445,8.5852,4.6928,1,checkpoint186,checkpoint93,checkpoint186,
627_007132,007132,1.4614,4.1734,5.4111,3.682,1,checkpoint186,checkpoint93,checkpoint186,
628_009867,009867,0.227,8.3843,1.5463,3.3859,1,checkpoint186,adaptive190_MT,checkpoint186,
629_011097,011097,0.5937,7.1842,6.4866,4.7548,1,checkpoint186,gate155_mt,checkpoint186,
630_004454,004454,4.8035,1.6694,1.8548,2.7759,1,checkpoint186,selector168_mt_guard171,checkpoint186,
631_004547,004547,6.8555,3.3758,4.2772,4.8362,1,checkpoint186,gate135_mt,checkpoint186,
632_002291,002291,2.1061,4.3985,0.1586,2.2211,1,checkpoint186,adaptive190_MT,checkpoint186,
633_015079,015079,6.4077,1.6164,0.3482,2.7908,1,checkpoint186,selector168_mt_guard171,checkpoint186,
634_012287,012287,7.8714,0.3777,0.6028,2.9506,1,checkpoint186,selector168_mt_guard171,checkpoint186,
635_002371,002371,2.4795,3.1081,1.1427,2.2434,1,checkpoint186,gate135_mt,checkpoint186,
636_009553,009553,17.829,11.5242,6.0795,11.8109,0,checkpoint186,adaptive190_MT,checkpoint186,
637_015779,015779,1.3468,0.5666,6.5106,2.808,1,checkpoint186,selector168_mt_guard171,checkpoint186,
638_006441,006441,2.8224,5.7592,1.6588,3.4135,1,checkpoint186,adaptive190_MT,checkpoint186,
639_015832,015832,6.6205,5.7943,4.9578,5.7909,0,checkpoint186,adaptive190_MT,checkpoint186,
640_015204,015204,6.8091,1.5355,4.6157,4.3201,1,checkpoint186,selector168_mt_guard171,checkpoint186,
641_010856,010856,0.5119,2.3749,2.5693,1.8187,1,checkpoint186,selector168_mt_guard171,checkpoint186,
642_007122,007122,5.04,2.9361,4.355,4.1104,1,checkpoint186,checkpoint93,checkpoint186,
643_008390,008390,2.3929,0.3683,4.0586,2.2733,1,checkpoint186,gate155_mt,checkpoint186,
644_002900,002900,5.9953,1.6595,2.7196,3.4581,1,checkpoint186,selector168_mt_guard171,checkpoint186,
645_014007,014007,0.6568,3.1173,3.2916,2.3552,1,checkpoint186,selector168_mt_guard171,checkpoint186,
646_006555,006555,2.4749,10.4453,6.4802,6.4668,0,checkpoint186,adaptive190_MT,checkpoint186,
647_010283,010283,6.1106,7.9854,0.8254,4.9738,1,checkpoint186,gate155_mt,checkpoint186,
648_012520,012520,1.669,5.5165,2.1643,3.1166,1,checkpoint186,adaptive190_MT,checkpoint186,
649_010729,010729,8.4622,0.4293,5.6037,4.8317,1,checkpoint186,gate135_mt,checkpoint186,
650_012561,012561,2.4968,2.6285,2.1935,2.4396,1,checkpoint186,checkpoint93,checkpoint186,
651_012484,012484,5.256,2.2751,1.5961,3.0424,1,checkpoint186,selector168_mt_guard171,checkpoint186,
652_005936,005936,0.9762,1.7674,3.347,2.0302,1,checkpoint186,gate155_mt,checkpoint186,
653_003633,003633,3.6066,1.2699,5.0311,3.3025,1,checkpoint186,gate155_mt,checkpoint186,
654_004966,004966,0.0743,3.6727,1.0248,1.5906,1,checkpoint186,checkpoint93,checkpoint186,
655_008234,008234,4.1939,1.2897,0.4547,1.9794,1,checkpoint186,checkpoint93,checkpoint186,
656_005852,005852,1.5698,3.3649,3.3749,2.7699,1,checkpoint186,selector168_mt_guard171,checkpoint186,
657_003846,003846,0.0765,3.8856,5.696,3.2194,1,checkpoint186,gate155_mt,checkpoint186,
658_010133,010133,0.7332,0.6171,3.9262,1.7588,1,checkpoint186,selector168_mt_guard171,checkpoint186,
659_006166,006166,4.3958,5.1231,4.09,4.5363,1,checkpoint186,checkpoint93,checkpoint186,
660_009770,009770,1.7765,7.4059,0.5537,3.2454,1,checkpoint186,adaptive190_MT,checkpoint186,
661_014325,014325,5.81,5.8021,2.716,4.776,1,checkpoint186,checkpoint93,checkpoint186,
662_003780,003780,4.0724,6.2085,4.4791,4.92,1,checkpoint186,gate135_mt,checkpoint186,
663_011916,011916,3.7828,4.0409,2.0671,3.2969,1,checkpoint186,adaptive190_MT,checkpoint186,
664_015449,015449,1.3847,3.7564,1.4959,2.2123,1,checkpoint186,adaptive190_MT,checkpoint186,
665_013371,013371,1.1442,10.1491,2.4654,4.5862,1,checkpoint186,adaptive190_MT,checkpoint186,
666_007218,007218,3.4828,2.393,0.3514,2.0757,1,checkpoint186,checkpoint93,checkpoint186,
667_005144,005144,6.7181,1.4723,8.962,5.7175,0,checkpoint186,checkpoint93,checkpoint186,
668_015268,015268,9.8329,5.6221,8.0177,7.8242,0,checkpoint186,selector182_MT,checkpoint186,
669_014830,014830,6.7099,0.6358,2.3114,3.219,1,checkpoint186,gate155_mt,checkpoint186,
670_006843,006843,4.3856,3.3679,3.9983,3.9173,1,checkpoint186,gate135_mt,checkpoint186,
671_015506,015506,3.3117,3.1975,8.6444,5.0512,0,checkpoint186,adaptive190_MT,checkpoint186,
672_004158,004158,13.2454,0.4612,1.4756,5.0607,0,checkpoint186,selector168_mt_guard171,checkpoint186,
673_007459,007459,7.0674,11.5143,9.1555,9.2457,0,checkpoint186,adaptive190_MT,checkpoint186,
674_005969,005969,0.9544,2.8741,4.4135,2.7473,1,checkpoint186,gate155_mt,checkpoint186,
675_005705,005705,6.2692,3.9053,2.2242,4.1329,1,checkpoint186,gate135_mt,checkpoint186,
676_013764,013764,1.7474,3.5029,0.5227,1.9243,1,checkpoint186,gate155_mt,checkpoint186,
677_005736,005736,2.3576,6.2357,0.0275,2.8736,1,checkpoint186,checkpoint93,checkpoint186,
678_002344,002344,4.1142,3.9008,6.3143,4.7764,1,checkpoint186,gate155_mt,checkpoint186,
679_015330,015330,0.2995,7.599,6.0566,4.6517,1,checkpoint186,adaptive190_MT,checkpoint186,
680_012054,012054,1.7723,0.6204,4.5402,2.311,1,checkpoint186,gate155_mt,checkpoint186,
681_009035,009035,1.4944,2.8507,1.7137,2.0196,1,checkpoint186,gate155_mt,checkpoint186,
682_005723,005723,0.5349,1.5585,2.8109,1.6348,1,checkpoint186,gate155_mt,checkpoint186,
683_013368,013368,0.1202,0.4801,4.1773,1.5925,1,checkpoint186,gate155_mt,checkpoint186,
684_011237,011237,5.3514,2.4638,2.0679,3.2944,1,checkpoint186,adaptive190_MT,checkpoint186,
685_014278,014278,1.5439,1.973,1.0956,1.5375,1,checkpoint186,gate155_mt,checkpoint186,
686_001387,001387,0.9446,0.113,3.5261,1.5279,1,checkpoint186,gate135_mt,checkpoint186,
687_000084,000084,0.1111,1.2602,0.2455,0.5389,1,checkpoint186,selector168_mt_guard171,checkpoint186,
688_011352,011352,2.5469,1.3768,2.6779,2.2005,1,checkpoint186,checkpoint93,checkpoint186,
689_015135,015135,0.7072,6.3311,2.1081,3.0488,1,checkpoint186,checkpoint93,checkpoint186,
690_013654,013654,2.9446,0.1234,3.3766,2.1482,1,checkpoint186,checkpoint93,checkpoint186,
691_015943,015943,1.6736,2.2574,5.0736,3.0015,1,checkpoint186,selector168_mt_guard171,checkpoint186,
692_015894,015894,2.3163,1.1018,3.8405,2.4195,1,checkpoint186,gate155_mt,checkpoint186,
693_001173,001173,4.8391,3.1127,1.8212,3.2577,1,checkpoint186,adaptive190_MT,checkpoint186,
694_007761,007761,1.2284,4.0514,2.1398,2.4732,1,checkpoint186,selector168_mt_guard171,checkpoint186,
695_003308,003308,2.0041,6.093,3.1773,3.7581,1,checkpoint186,adaptive190_MT,checkpoint186,
696_008568,008568,4.7896,1.3914,6.7647,4.3152,1,checkpoint186,selector168_mt_guard171,checkpoint186,
697_006814,006814,6.2211,1.1335,7.7029,5.0192,0,checkpoint186,checkpoint93,checkpoint186,
698_003111,003111,0.9276,4.2415,3.177,2.782,1,checkpoint186,checkpoint93,checkpoint186,
699_012165,012165,5.3944,1.107,6.3691,4.2902,1,checkpoint186,gate155_mt,checkpoint186,
700_010439,010439,0.4925,5.2557,0.8575,2.2019,1,checkpoint186,adaptive190_MT,checkpoint186,
701_003321,003321,0.2925,1.1098,6.3804,2.5942,1,checkpoint186,checkpoint93,checkpoint186,
702_003665,003665,2.5337,3.2328,3.5479,3.1048,1,checkpoint186,selector168_mt_guard171,checkpoint186,
703_012313,012313,0.2854,4.2736,6.1795,3.5795,1,checkpoint186,selector168_mt_guard171,checkpoint186,
704_005408,005408,2.1253,1.6458,4.1693,2.6468,1,checkpoint186,gate155_mt,checkpoint186,
705_014899,014899,3.421,3.6631,0.402,2.4954,1,pt200,adaptive190_MT,checkpoint186,
706_010849,010849,1.9107,0.1154,1.7344,1.2535,1,checkpoint186,gate155_mt,checkpoint186,
707_005696,005696,1.4264,4.7264,2.0097,2.7208,1,checkpoint186,selector168_mt_guard171,checkpoint186,
708_008405,008405,0.9223,1.3759,1.4498,1.2493,1,checkpoint186,selector168_mt_guard171,checkpoint186,
709_001070,001070,2.082,7.1907,0.1403,3.1377,1,checkpoint186,adaptive190_MT,checkpoint186,
710_012775,012775,1.4628,0.7518,3.6956,1.9701,1,checkpoint186,checkpoint93,checkpoint186,
711_002654,002654,1.9403,1.2468,7.2793,3.4888,1,checkpoint186,checkpoint93,checkpoint186,
712_002870,002870,0.102,3.2295,3.8501,2.3939,1,checkpoint186,selector168_mt_guard171,checkpoint186,
713_002136,002136,0.3279,2.1362,6.2446,2.9029,1,checkpoint186,selector168_mt_guard171,checkpoint186,
714_015181,015181,2.6968,2.2573,0.1518,1.702,1,checkpoint186,checkpoint93,checkpoint186,
715_005865,005865,5.8487,1.4225,0.5543,2.6085,1,checkpoint186,checkpoint93,checkpoint186,
716_015139,015139,9.4586,2.287,2.8779,4.8745,1,checkpoint186,selector168_mt_guard171,checkpoint186,
717_003814,003814,1.5431,4.4754,4.7814,3.6,1,checkpoint186,selector168_mt_guard171,checkpoint186,
718_001722,001722,0.5449,2.3559,1.1358,1.3455,1,checkpoint186,checkpoint93,checkpoint186,
719_000633,000633,5.2903,0.3741,1.7966,2.487,1,checkpoint186,gate155_mt,checkpoint186,
720_003844,003844,1.2008,1.5064,1.9169,1.5414,1,checkpoint186,gate155_mt,checkpoint186,
721_008057,008057,3.414,3.3604,1.1398,2.6381,1,checkpoint186,checkpoint93,checkpoint186,
722_009048,009048,2.4435,2.8689,5.3425,3.5516,1,checkpoint186,gate155_mt,checkpoint186,
723_008047,008047,1.4925,7.6702,4.9294,4.6974,1,checkpoint186,checkpoint93,checkpoint186,
724_003324,003324,12.0658,6.2799,1.9771,6.7743,0,checkpoint186,adaptive190_MT,checkpoint186,
725_007113,007113,2.7689,2.207,2.2566,2.4108,1,checkpoint186,checkpoint93,checkpoint186,
726_004985,004985,4.8233,4.1945,6.4104,5.1427,0,checkpoint186,selector168_mt_guard171,checkpoint186,
727_008001,008001,6.8739,1.0321,2.2441,3.3834,1,checkpoint186,gate155_mt,checkpoint186,
728_005872,005872,1.6474,8.2494,4.3604,4.7524,1,checkpoint186,adaptive190_MT,checkpoint186,
729_009343,009343,2.1071,4.1067,4.1556,3.4565,1,checkpoint186,gate155_mt,checkpoint186,
730_004395,004395,5.4402,4.9973,8.7027,6.3801,0,checkpoint186,adaptive190_MT,checkpoint186,
731_010999,010999,2.6879,8.0818,6.8401,5.8699,0,checkpoint186,selector182_MT,checkpoint186,
732_010744,010744,1.3836,4.1928,2.4258,2.6674,1,checkpoint186,selector168_mt_guard171,checkpoint186,
733_006778,006778,0.6421,5.9881,6.9436,4.5246,1,checkpoint186,gate155_mt,checkpoint186,
734_008114,008114,9.7085,1.2127,3.0316,4.6509,1,checkpoint186,selector168_mt_guard171,checkpoint186,
735_013194,013194,1.8803,4.4923,9.0982,5.1569,0,checkpoint186,selector168_mt_guard171,checkpoint186,
736_002817,002817,0.5748,1.6731,7.2332,3.1604,1,pt200,gate155_mt,checkpoint186,
737_002919,002919,2.8126,2.6644,0.69,2.0557,1,checkpoint186,gate135_mt,checkpoint186,
738_011078,011078,0.9547,2.5884,0.8483,1.4638,1,checkpoint186,selector168_mt_guard171,checkpoint186,
739_015514,015514,2.8483,3.973,1.0361,2.6191,1,checkpoint186,selector168_mt_guard171,checkpoint186,
740_009695,009695,0.6168,3.9728,4.4153,3.0016,1,checkpoint186,checkpoint93,checkpoint186,
741_001628,001628,3.3278,0.2335,10.7621,4.7745,1,checkpoint186,checkpoint93,checkpoint186,
742_005339,005339,7.9868,2.0633,2.75,4.2667,1,checkpoint186,selector168_mt_guard171,checkpoint186,
743_005617,005617,3.2202,3.9235,2.3763,3.1733,1,checkpoint186,gate155_mt,checkpoint186,
744_000593,000593,3.6442,3.9992,1.6579,3.1004,1,checkpoint186,gate155_mt,checkpoint186,
745_008742,008742,1.3553,0.8656,0.3255,0.8488,1,checkpoint186,gate155_mt,checkpoint186,
746_015873,015873,4.0489,5.753,1.5024,3.7681,1,checkpoint186,adaptive190_MT,checkpoint186,
747_002051,002051,0.2314,3.0736,6.8402,3.3817,1,checkpoint186,selector182_MT,checkpoint186,
748_001452,001452,4.8293,2.9402,3.0748,3.6148,1,checkpoint186,selector168_mt_guard171,checkpoint186,
749_015037,015037,6.4511,0.4108,0.166,2.3426,1,checkpoint186,selector168_mt_guard171,checkpoint186,
750_002894,002894,1.7607,1.3543,6.1598,3.0916,1,checkpoint186,gate155_mt,checkpoint186,
751_000405,000405,6.2545,0.9499,1.6136,2.9393,1,checkpoint186,gate135_mt,checkpoint186,
752_007456,007456,2.7046,3.5093,0.095,2.103,1,checkpoint186,gate135_mt,checkpoint186,
753_015453,015453,2.9082,4.5267,5.3419,4.2589,1,checkpoint186,adaptive190_MT,checkpoint186,
754_011205,011205,13.8538,4.0252,3.232,7.037,0,checkpoint186,adaptive190_MT,checkpoint186,
755_003962,003962,3.3383,0.6503,0.0628,1.3505,1,checkpoint186,selector168_mt_guard171,checkpoint186,
756_011928,011928,8.6816,2.4095,4.5162,5.2024,0,checkpoint186,gate155_mt,checkpoint186,
757_005356,005356,5.8681,2.5189,9.3817,5.9229,0,checkpoint186,gate135_mt,checkpoint186,
758_003806,003806,2.7217,6.3477,0.7811,3.2835,1,checkpoint186,adaptive190_MT,checkpoint186,
759_010106,010106,5.0015,1.2605,6.5142,4.2587,1,checkpoint186,gate155_mt,checkpoint186,
760_003959,003959,2.942,5.022,4.9819,4.3153,1,checkpoint186,adaptive190_MT,checkpoint186,
761_002933,002933,6.9446,0.9595,1.3891,3.0977,1,checkpoint186,selector168_mt_guard171,checkpoint186,
762_004062,004062,2.2999,6.8811,9.1942,6.1251,0,checkpoint186,adaptive190_MT,checkpoint186,
763_004732,004732,6.898,3.9141,2.9711,4.5944,1,checkpoint186,selector168_mt_guard171,checkpoint186,
764_015687,015687,7.5229,0.2266,3.1296,3.6264,1,checkpoint186,selector168_mt_guard171,checkpoint186,
765_015182,015182,0.149,1.4049,0.3607,0.6382,1,checkpoint186,gate155_mt,checkpoint186,
766_005923,005923,5.4797,2.8103,4.3059,4.1986,1,checkpoint186,checkpoint93,checkpoint186,
767_013489,013489,2.6481,4.7738,4.5953,4.0057,1,checkpoint186,adaptive190_MT,checkpoint186,
768_002826,002826,0.2564,3.1204,1.9911,1.7893,1,checkpoint186,gate155_mt,checkpoint186,
769_015176,015176,1.4027,0.8407,1.8333,1.3589,1,checkpoint186,checkpoint93,checkpoint186,
770_004255,004255,10.8152,3.587,4.7605,6.3876,0,checkpoint186,gate135_mt,checkpoint186,
771_013196,013196,1.0278,3.9241,2.5338,2.4952,1,pt200,selector168_mt_guard171,checkpoint186,
772_014826,014826,3.1653,1.1629,3.7868,2.705,1,checkpoint186,gate155_mt,checkpoint186,
773_004771,004771,2.0846,8.7268,8.1599,6.3238,0,checkpoint186,adaptive190_MT,checkpoint186,
774_000103,000103,3.6673,0.6416,2.7258,2.3449,1,checkpoint186,gate155_mt,checkpoint186,
775_010946,010946,4.8239,0.1198,1.1755,2.0397,1,checkpoint186,gate155_mt,checkpoint186,
776_005743,005743,0.0237,4.8977,9.4955,4.8056,1,checkpoint186,selector168_mt_guard171,checkpoint186,
777_001585,001585,5.9573,1.5999,2.9695,3.5089,1,checkpoint186,selector168_mt_guard171,checkpoint186,
778_004718,004718,1.9576,0.3997,2.3174,1.5582,1,checkpoint186,selector168_mt_guard171,checkpoint186,
779_011786,011786,1.6519,1.4996,3.5164,2.2226,1,checkpoint186,selector168_mt_guard171,checkpoint186,
780_002421,002421,0.0144,2.083,9.2212,3.7729,1,pt200,selector168_mt_guard171,checkpoint186,
781_014704,014704,1.8269,3.4821,4.6673,3.3254,1,checkpoint186,selector168_mt_guard171,checkpoint186,
782_014200,014200,0.4994,2.4498,4.2789,2.4094,1,checkpoint186,gate135_mt,checkpoint186,
783_013916,013916,0.2301,4.9295,5.791,3.6502,1,checkpoint186,adaptive190_MT,checkpoint186,
784_002563,002563,5.8596,7.0015,0.9654,4.6088,1,checkpoint186,gate135_mt,checkpoint186,
785_012247,012247,2.1791,7.5772,3.9915,4.5826,1,checkpoint186,adaptive190_MT,checkpoint186,
786_003182,003182,0.4984,8.7899,4.0237,4.4373,1,checkpoint186,adaptive190_MT,checkpoint186,
787_010887,010887,7.433,1.484,2.3177,3.7449,1,checkpoint186,selector168_mt_guard171,checkpoint186,
788_007474,007474,6.9266,6.9655,4.8951,6.2624,0,checkpoint186,adaptive190_MT,checkpoint186,
789_009257,009257,0.9817,5.7666,7.2764,4.6749,1,checkpoint186,selector168_mt_guard171,checkpoint186,
790_013245,013245,0.1421,1.0269,0.6546,0.6079,1,checkpoint186,gate155_mt,checkpoint186,
791_008915,008915,11.7326,0.7569,0.3265,4.272,1,checkpoint186,gate155_mt,checkpoint186,
792_001060,001060,0.9914,1.5768,2.3243,1.6308,1,checkpoint186,selector168_mt_guard171,checkpoint186,
793_004879,004879,3.2221,3.8866,3.5565,3.5551,1,checkpoint186,selector168_mt_guard171,checkpoint186,
794_010307,010307,4.0067,0.3879,0.2964,1.5637,1,checkpoint186,gate155_mt,checkpoint186,
795_012077,012077,5.0309,5.9906,2.8955,4.639,1,checkpoint186,checkpoint93,checkpoint186,
796_014382,014382,0.7485,1.993,0.8731,1.2049,1,checkpoint186,selector168_mt_guard171,checkpoint186,
797_011712,011712,0.3736,2.9302,2.0303,1.778,1,checkpoint186,gate155_mt,checkpoint186,
798_001311,001311,6.2609,6.3094,1.0852,4.5518,1,checkpoint186,gate135_mt,checkpoint186,
799_003056,003056,4.3598,0.0723,6.0613,3.4978,1,checkpoint186,gate155_mt,checkpoint186,
800_012812,012812,3.6634,1.3967,2.8791,2.6464,1,checkpoint186,gate155_mt,checkpoint186,
801_012914,012914,5.2875,2.8122,1.1482,3.0826,1,checkpoint186,checkpoint93,checkpoint186,
802_008976,008976,5.4881,7.4043,2.9877,5.2934,0,checkpoint186,adaptive190_MT,checkpoint186,
803_007966,007966,1.9853,3.9734,1.4878,2.4822,1,checkpoint186,checkpoint93,checkpoint186,
804_002773,002773,0.7899,0.8567,0.9225,0.8564,1,checkpoint186,gate155_mt,checkpoint186,
805_005626,005626,3.8061,2.6873,5.8055,4.0996,1,checkpoint186,checkpoint93,checkpoint186,
806_015255,015255,5.3925,2.9759,2.2123,3.5269,1,checkpoint186,selector168_mt_guard171,checkpoint186,
807_015854,015854,8.2188,4.0716,6.8327,6.3744,0,checkpoint186,gate155_mt,checkpoint186,
808_009678,009678,0.8881,2.8972,0.485,1.4234,1,checkpoint186,gate155_mt,checkpoint186,
809_010979,010979,6.5801,4.7019,0.1826,3.8215,1,checkpoint186,adaptive190_MT,checkpoint186,
810_004476,004476,3.1905,9.7949,0.9003,4.6286,1,checkpoint186,checkpoint93,checkpoint186,
811_002205,002205,1.4867,2.044,1.6393,1.7233,1,checkpoint186,selector168_mt_guard171,checkpoint186,
812_010801,010801,0.1916,4.9927,9.5827,4.9223,1,checkpoint186,gate155_mt,checkpoint186,
813_009221,009221,3.1999,3.804,1.61,2.8713,1,pt200,gate155_mt,checkpoint186,
814_004147,004147,5.3078,5.7589,3.866,4.9776,1,checkpoint186,adaptive190_MT,checkpoint186,
815_004165,004165,0.3292,1.3165,2.3728,1.3395,1,checkpoint186,selector168_mt_guard171,checkpoint186,
816_015635,015635,2.0934,5.9533,2.6185,3.5551,1,checkpoint186,adaptive190_MT,checkpoint186,
817_012621,012621,3.3707,0.2325,0.8111,1.4714,1,checkpoint186,selector168_mt_guard171,checkpoint186,
818_006072,006072,4.3617,3.2607,2.6649,3.4291,1,checkpoint186,gate135_mt,checkpoint186,
819_004380,004380,1.8737,4.3606,0.829,2.3544,1,checkpoint186,checkpoint93,checkpoint186,
820_013987,013987,6.4306,2.9796,0.9577,3.456,1,checkpoint186,gate135_mt,checkpoint186,
821_009434,009434,2.6461,0.9148,2.9487,2.1699,1,checkpoint186,selector168_mt_guard171,checkpoint186,
822_009616,009616,8.9426,5.977,3.3476,6.0891,0,checkpoint186,adaptive190_MT,checkpoint186,
823_007898,007898,0.5357,3.4313,3.3557,2.4409,1,checkpoint186,gate155_mt,checkpoint186,
824_001814,001814,3.8469,15.714,8.7747,9.4452,0,checkpoint186,adaptive190_MT,checkpoint186,
825_000852,000852,3.2773,2.3649,5.5061,3.7161,1,checkpoint186,selector168_mt_guard171,checkpoint186,
826_009948,009948,0.7619,0.0092,2.8334,1.2015,1,checkpoint186,gate155_mt,checkpoint186,
827_003946,003946,7.9683,4.5415,3.7996,5.4365,0,checkpoint186,adaptive190_MT,checkpoint186,
828_007259,007259,1.0659,8.017,0.3689,3.1506,1,checkpoint186,adaptive190_MT,checkpoint186,
829_000936,000936,0.7996,3.0276,0.8859,1.571,1,checkpoint186,selector168_mt_guard171,checkpoint186,
830_013890,013890,2.2727,0.4371,0.5089,1.0729,1,checkpoint186,selector168_mt_guard171,checkpoint186,
831_006957,006957,0.6373,1.0999,3.6991,1.8121,1,checkpoint186,gate155_mt,checkpoint186,
832_010472,010472,3.6839,2.4032,2.0001,2.6957,1,checkpoint186,selector168_mt_guard171,checkpoint186,
833_007713,007713,12.2833,9.9022,9.4155,10.5337,0,checkpoint186,checkpoint93,checkpoint186,
834_000916,000916,11.8336,3.2145,3.663,6.237,0,checkpoint186,selector168_mt_guard171,checkpoint186,
835_012325,012325,1.9874,3.1022,4.3491,3.1462,1,checkpoint186,selector168_mt_guard171,checkpoint186,
836_001868,001868,8.2938,1.0526,1.6752,3.6739,1,checkpoint186,selector168_mt_guard171,checkpoint186,
837_001335,001335,1.9713,0.6904,1.5338,1.3985,1,checkpoint186,selector168_mt_guard171,checkpoint186,
838_015690,015690,0.8991,0.156,3.8577,1.6376,1,checkpoint186,gate155_mt,checkpoint186,
839_002700,002700,0.0532,3.4651,1.3265,1.6149,1,checkpoint186,gate155_mt,checkpoint186,
840_005988,005988,0.8128,2.6831,3.3089,2.2683,1,checkpoint186,checkpoint93,checkpoint186,
841_010159,010159,0.54,4.9982,8.2296,4.5893,1,checkpoint186,gate135_mt,checkpoint186,
842_001087,001087,5.5512,0.3697,2.3446,2.7552,1,checkpoint186,gate155_mt,checkpoint186,
843_003242,003242,6.1316,2.6445,1.513,3.4297,1,checkpoint186,gate155_mt,checkpoint186,
844_005579,005579,14.9696,2.3719,9.0951,8.8122,0,checkpoint186,selector182_MT,checkpoint186,
845_007650,007650,4.2841,2.9458,5.3599,4.1966,1,checkpoint186,checkpoint93,checkpoint186,
846_014632,014632,6.82,6.295,6.2929,6.4693,0,checkpoint186,checkpoint93,checkpoint186,
847_015322,015322,0.0863,0.2672,2.8871,1.0802,1,checkpoint186,checkpoint93,checkpoint186,
848_012647,012647,1.0512,6.2894,0.2925,2.5444,1,checkpoint186,adaptive190_MT,checkpoint186,
849_012923,012923,1.9039,4.4538,3.4704,3.276,1,checkpoint186,selector168_mt_guard171,checkpoint186,
850_008617,008617,2.7966,4.8158,4.9289,4.1804,1,checkpoint186,adaptive190_MT,checkpoint186,
851_015661,015661,0.1382,0.112,3.8446,1.3649,1,checkpoint186,gate135_mt,checkpoint186,
852_008003,008003,0.1475,3.6671,1.9864,1.9337,1,checkpoint186,adaptive190_MT,checkpoint186,
853_013550,013550,1.6602,0.8903,6.2599,2.9368,1,checkpoint186,gate155_mt,checkpoint186,
854_003158,003158,3.3022,2.5762,3.6203,3.1662,1,checkpoint186,checkpoint93,checkpoint186,
855_012460,012460,5.5351,5.9962,7.0935,6.2083,0,checkpoint186,adaptive190_MT,checkpoint186,
856_008337,008337,2.0793,6.5579,3.6093,4.0822,1,checkpoint186,adaptive190_MT,checkpoint186,
857_003582,003582,3.5581,2.0576,1.2273,2.281,1,checkpoint186,gate155_mt,checkpoint186,
858_014183,014183,4.0525,5.1048,5.5415,4.8996,1,checkpoint186,selector168_mt_guard171,checkpoint186,
859_006386,006386,2.7507,2.9771,4.7335,3.4871,1,checkpoint186,checkpoint93,checkpoint186,
860_006063,006063,19.7712,2.4559,4.2892,8.8388,0,checkpoint186,selector182_MT,checkpoint186,
861_000786,000786,1.0369,4.8671,0.8027,2.2356,1,pt200,adaptive190_MT,checkpoint186,
862_008688,008688,1.5878,8.4555,1.0188,3.6874,1,checkpoint186,checkpoint93,checkpoint186,
863_001456,001456,16.833,1.7467,2.676,7.0852,0,checkpoint186,selector168_mt_guard171,checkpoint186,
864_003010,003010,5.1808,1.3339,2.3212,2.9453,1,checkpoint186,checkpoint93,checkpoint186,
865_001201,001201,1.5314,2.6931,5.4919,3.2388,1,checkpoint186,gate155_mt,checkpoint186,
866_012573,012573,3.298,1.907,0.3717,1.8589,1,checkpoint186,gate135_mt,checkpoint186,
867_008731,008731,1.5985,0.7027,5.3346,2.5453,1,checkpoint186,selector168_mt_guard171,checkpoint186,
868_008231,008231,0.0196,4.2751,5.6177,3.3041,1,checkpoint186,checkpoint93,checkpoint186,
869_015570,015570,0.4879,0.899,6.1402,2.509,1,checkpoint186,selector168_mt_guard171,checkpoint186,
870_004194,004194,6.9129,4.3873,5.7208,5.6737,0,checkpoint186,gate135_mt,checkpoint186,
871_003766,003766,0.8433,4.3496,5.1062,3.433,1,checkpoint186,gate155_mt,checkpoint186,
872_001489,001489,1.1826,3.9773,3.7943,2.9847,1,checkpoint186,gate155_mt,checkpoint186,
873_000554,000554,4.7845,4.0244,6.1055,4.9715,1,checkpoint186,gate155_mt,checkpoint186,
874_003611,003611,3.0804,4.6543,4.3756,4.0368,1,checkpoint186,adaptive190_MT,checkpoint186,
875_011416,011416,3.7518,2.1822,12.6336,6.1892,0,checkpoint186,selector182_MT,checkpoint186,
876_006907,006907,1.4272,5.4689,0.1156,2.3372,1,checkpoint186,adaptive190_MT,checkpoint186,
877_014584,014584,16.0416,5.7535,3.3413,8.3788,0,checkpoint186,adaptive190_MT,checkpoint186,
878_002969,002969,3.6539,0.6291,2.5062,2.2631,1,checkpoint186,selector168_mt_guard171,checkpoint186,
879_001923,001923,2.0679,2.218,2.1678,2.1512,1,pt200,selector168_mt_guard171,checkpoint186,
880_015425,015425,5.721,3.9285,7.8107,5.8201,0,checkpoint186,gate155_mt,checkpoint186,
881_014454,014454,0.9051,3.7001,5.8136,3.4729,1,checkpoint186,checkpoint93,checkpoint186,
882_008628,008628,8.764,1.5103,3.8408,4.705,1,checkpoint186,gate155_mt,checkpoint186,
883_010474,010474,4.2704,3.4498,4.09,3.9367,1,checkpoint186,gate155_mt,checkpoint186,
884_005907,005907,2.1679,1.4634,2.7367,2.1227,1,checkpoint186,checkpoint93,checkpoint186,
885_011483,011483,1.3501,1.7758,2.9438,2.0232,1,checkpoint186,gate155_mt,checkpoint186,
886_006613,006613,1.8441,9.2092,3.7457,4.933,1,checkpoint186,selector168_mt_guard171,checkpoint186,
887_002927,002927,3.4918,6.3595,7.6255,5.8256,0,checkpoint186,adaptive190_MT,checkpoint186,
888_015830,015830,0.4174,3.5974,0.2035,1.4061,1,pt200,selector168_mt_guard171,checkpoint186,
889_009545,009545,5.4124,1.3459,4.5652,3.7745,1,checkpoint186,gate155_mt,checkpoint186,
890_006627,006627,0.1218,0.4373,2.3461,0.9684,1,checkpoint186,gate155_mt,checkpoint186,
891_013015,013015,3.246,7.3916,1.4439,4.0272,1,checkpoint186,adaptive190_MT,checkpoint186,
892_004118,004118,11.8845,0.0584,2.594,4.8456,1,checkpoint186,selector168_mt_guard171,checkpoint186,
893_005887,005887,1.1638,2.2837,2.2474,1.8983,1,checkpoint186,gate155_mt,checkpoint186,
894_005011,005011,10.051,1.2836,9.6251,6.9866,0,checkpoint186,checkpoint93,checkpoint186,
895_005479,005479,0.5835,2.3572,0.2949,1.0785,1,checkpoint186,gate155_mt,checkpoint186,
896_002430,002430,1.2984,6.2688,4.8113,4.1262,1,checkpoint186,adaptive190_MT,checkpoint186,
897_002403,002403,2.0837,2.8194,4.0594,2.9875,1,checkpoint186,checkpoint93,checkpoint186,
898_005694,005694,6.04,7.1941,3.1374,5.4572,0,checkpoint186,adaptive190_MT,checkpoint186,
899_011699,011699,5.3348,2.0146,9.1189,5.4894,0,checkpoint186,selector168_mt_guard171,checkpoint186,
900_010120,010120,3.234,3.5687,5.45,4.0842,1,checkpoint186,gate155_mt,checkpoint186,
901_013048,013048,1.1088,6.6474,0.2819,2.6794,1,checkpoint186,adaptive190_MT,checkpoint186,
902_008110,008110,1.6525,1.9525,4.6159,2.7403,1,pt200,gate155_mt,checkpoint186,
903_010481,010481,6.6035,7.2081,10.483,8.0982,0,checkpoint186,adaptive190_MT,sf204_tll159,TL_L
904_011215,011215,4.1406,3.8099,4.8854,4.2786,1,checkpoint186,gate155_mt,checkpoint186,
905_007861,007861,7.0784,1.5787,3.6247,4.0939,1,checkpoint186,checkpoint93,checkpoint186,
906_003138,003138,6.5278,10.1592,2.5309,6.406,0,checkpoint186,checkpoint93,checkpoint186,
907_014005,014005,4.4969,10.6036,3.1426,6.081,0,checkpoint186,checkpoint93,checkpoint186,
908_014833,014833,10.9087,1.5551,1.6343,4.6994,1,checkpoint186,gate135_mt,checkpoint186,
909_000332,000332,3.0338,2.9121,3.3879,3.1113,1,checkpoint186,gate135_mt,checkpoint186,
910_010266,010266,12.4082,5.4097,1.0357,6.2845,0,checkpoint186,checkpoint93,checkpoint186,
911_012769,012769,10.6792,0.7735,0.5808,4.0112,1,checkpoint186,selector168_mt_guard171,checkpoint186,
912_011016,011016,0.9657,1.4543,0.7209,1.047,1,checkpoint186,selector168_mt_guard171,checkpoint186,
913_012412,012412,3.2272,1.7872,5.4994,3.5046,1,checkpoint186,gate155_mt,checkpoint186,
914_009351,009351,1.4209,1.4673,2.6827,1.857,1,checkpoint186,selector168_mt_guard171,checkpoint186,
915_007705,007705,8.9791,8.8476,2.0869,6.6379,0,checkpoint186,adaptive190_MT,checkpoint186,
916_001897,001897,2.6074,5.6696,6.8797,5.0522,0,checkpoint186,adaptive190_MT,checkpoint186,
917_010723,010723,4.1838,2.0968,5.1247,3.8018,1,checkpoint186,selector168_mt_guard171,checkpoint186,
918_014361,014361,3.2901,1.2359,3.3047,2.6102,1,checkpoint186,selector168_mt_guard171,checkpoint186,
919_012317,012317,1.8653,3.7653,4.878,3.5029,1,checkpoint186,gate155_mt,checkpoint186,
920_014617,014617,3.4907,3.4415,5.1347,4.0223,1,checkpoint186,selector168_mt_guard171,checkpoint186,
921_003837,003837,2.0015,0.9525,5.2378,2.7306,1,checkpoint186,selector168_mt_guard171,checkpoint186,
922_013299,013299,5.7483,0.3551,9.9408,5.3481,0,checkpoint186,selector168_mt_guard171,checkpoint186,
923_011027,011027,7.4426,10.9996,5.1315,7.8579,0,checkpoint186,checkpoint93,checkpoint186,
924_001710,001710,0.3809,2.7822,8.3308,3.8313,1,checkpoint186,checkpoint93,checkpoint186,
925_008899,008899,3.796,0.2779,9.0984,4.3908,1,checkpoint186,gate155_mt,checkpoint186,
926_003829,003829,1.9483,8.6394,8.8285,6.4721,0,checkpoint186,adaptive190_MT,checkpoint186,
927_002040,002040,2.7189,9.8597,1.2592,4.6126,1,checkpoint186,adaptive190_MT,checkpoint186,
928_010424,010424,1.7542,4.4526,4.2882,3.4983,1,checkpoint186,gate135_mt,checkpoint186,
929_006559,006559,3.5578,2.9297,2.4349,2.9741,1,checkpoint186,selector168_mt_guard171,checkpoint186,
930_005167,005167,0.3432,3.4676,6.7205,3.5104,1,checkpoint186,gate155_mt,checkpoint186,
931_006322,006322,6.4055,5.9156,9.6963,7.3391,0,checkpoint186,adaptive190_MT,checkpoint186,
932_009554,009554,4.8373,0.5414,2.7834,2.7207,1,checkpoint186,checkpoint93,checkpoint186,
933_010270,010270,4.9256,7.3741,4.6088,5.6362,0,checkpoint186,selector182_MT,checkpoint186,
934_009292,009292,1.4925,0.3957,4.5539,2.1474,1,checkpoint186,gate135_mt,checkpoint186,
935_011735,011735,1.0117,3.3369,7.9572,4.1019,1,checkpoint186,selector168_mt_guard171,checkpoint186,
936_004306,004306,6.7792,7.5007,3.54,5.94,0,checkpoint186,adaptive190_MT,checkpoint186,
937_009095,009095,1.7284,1.3785,0.3102,1.139,1,checkpoint186,selector168_mt_guard171,checkpoint186,
938_002155,002155,3.2823,0.6617,1.2135,1.7192,1,checkpoint186,gate155_mt,checkpoint186,
939_003871,003871,8.2606,1.6005,8.4816,6.1142,0,checkpoint186,gate135_mt,checkpoint186,
940_010591,010591,10.1348,4.1392,3.3423,5.8721,0,checkpoint186,selector168_mt_guard171,checkpoint186,
941_014192,014192,2.2958,3.6884,5.5475,3.8439,1,checkpoint186,gate155_mt,checkpoint186,
942_009580,009580,4.0081,5.0268,5.8498,4.9616,1,checkpoint186,gate135_mt,checkpoint186,
943_008946,008946,3.6393,15.6672,1.0726,6.793,0,checkpoint186,checkpoint93,checkpoint186,
944_009497,009497,0.25,3.1697,0.7874,1.4024,1,checkpoint186,gate155_mt,checkpoint186,
945_011959,011959,5.5468,0.0352,0.2649,1.949,1,checkpoint186,checkpoint93,checkpoint186,
946_015805,015805,7.6344,1.1614,1.2196,3.3385,1,checkpoint186,selector168_mt_guard171,checkpoint186,
947_008089,008089,0.8265,3.4539,1.1269,1.8024,1,checkpoint186,gate135_mt,checkpoint186,
948_011462,011462,4.9632,3.0824,1.0714,3.039,1,checkpoint186,gate135_mt,checkpoint186,
949_011324,011324,2.0081,1.7352,2.8552,2.1995,1,checkpoint186,gate155_mt,checkpoint186,
950_006840,006840,1.3969,3.0932,6.792,3.7607,1,checkpoint186,checkpoint93,checkpoint186,
951_010829,010829,2.0152,1.6207,18.457,7.3643,0,checkpoint186,checkpoint93,tll197_combo,
952_007525,007525,7.4877,5.0541,8.6995,7.0804,0,checkpoint186,adaptive190_MT,checkpoint186,
953_003229,003229,9.4208,0.7511,4.4978,4.8899,1,checkpoint186,selector168_mt_guard171,checkpoint186,
954_008283,008283,1.7534,4.207,5.915,3.9585,1,checkpoint186,adaptive190_MT,checkpoint186,
955_006373,006373,3.4803,1.5625,11.8728,5.6385,0,checkpoint186,gate135_mt,checkpoint186,
956_001055,001055,1.6858,2.3759,6.0657,3.3758,1,checkpoint186,adaptive190_MT,checkpoint186,
957_002115,002115,8.8886,6.3086,2.2581,5.8184,0,checkpoint186,adaptive190_MT,checkpoint186,
958_010358,010358,0.9737,0.6969,0.7578,0.8095,1,checkpoint186,gate135_mt,checkpoint186,
959_001828,001828,1.7563,8.276,9.4488,6.4937,0,checkpoint186,checkpoint93,checkpoint186,
960_000558,000558,2.6899,3.4559,0.5204,2.2221,1,checkpoint186,selector168_mt_guard171,checkpoint186,
961_013143,013143,0.4942,1.4446,2.2232,1.3873,1,checkpoint186,selector168_mt_guard171,checkpoint186,
962_012351,012351,0.2113,2.1697,3.471,1.9507,1,checkpoint186,gate155_mt,checkpoint186,
963_003363,003363,9.259,0.2134,6.6119,5.3614,0,checkpoint186,selector168_mt_guard171,checkpoint186,
964_013123,013123,0.5651,1.8928,7.8062,3.4214,1,checkpoint186,selector168_mt_guard171,checkpoint186,
965_011829,011829,1.6227,1.9033,0.9415,1.4892,1,checkpoint186,gate155_mt,checkpoint186,
966_001208,001208,5.5299,0.3976,3.0084,2.9786,1,checkpoint186,gate155_mt,checkpoint186,
967_002912,002912,0.7083,4.5143,6.9663,4.063,1,checkpoint186,adaptive190_MT,checkpoint186,
968_007362,007362,0.9061,5.464,7.159,4.5097,1,checkpoint186,selector168_mt_guard171,checkpoint186,
969_001836,001836,3.5551,0.6943,1.0557,1.7684,1,checkpoint186,selector168_mt_guard171,checkpoint186,
970_008268,008268,3.3863,4.3006,4.8025,4.1631,1,checkpoint186,gate155_mt,tll197_combo,
971_000238,000238,1.3679,0.959,0.2926,0.8732,1,checkpoint186,gate155_mt,checkpoint186,
972_001695,001695,1.1705,3.9679,6.3059,3.8148,1,checkpoint186,checkpoint93,checkpoint186,
973_006296,006296,5.251,0.4754,0.4647,2.0637,1,checkpoint186,checkpoint93,checkpoint186,
974_003939,003939,1.6672,4.9292,2.6035,3.0666,1,checkpoint186,adaptive190_MT,checkpoint186,
975_007363,007363,2.8257,5.8126,5.0564,4.5649,1,checkpoint186,selector186_old_MT,checkpoint186,
976_012980,012980,0.9357,5.9339,2.3974,3.089,1,checkpoint186,adaptive190_MT,checkpoint186,
977_006458,006458,3.4335,5.2596,2.5125,3.7352,1,checkpoint186,checkpoint93,checkpoint186,
978_008822,008822,0.5182,2.8604,12.1587,5.1791,0,checkpoint186,selector186_old_MT,tll197_combo,
979_012083,012083,11.5118,7.6115,2.4537,7.1923,0,checkpoint186,checkpoint93,checkpoint186,
980_012597,012597,4.5865,2.7908,1.2014,2.8596,1,checkpoint186,gate155_mt,checkpoint186,
981_000241,000241,1.5339,0.0499,3.1786,1.5875,1,checkpoint186,gate155_mt,checkpoint186,
982_011134,011134,3.674,5.6444,0.5706,3.2963,1,checkpoint186,adaptive190_MT,checkpoint186,
983_013490,013490,3.9445,1.3162,0.6356,1.9654,1,checkpoint186,gate155_mt,checkpoint186,
984_006818,006818,1.7207,2.6228,0.471,1.6048,1,checkpoint186,selector168_mt_guard171,checkpoint186,
985_001789,001789,4.0264,3.8192,8.1023,5.316,0,checkpoint186,selector168_mt_guard171,checkpoint186,
986_011349,011349,20.6683,2.3045,0.8261,7.933,0,checkpoint186,selector182_MT,checkpoint186,
987_002351,002351,2.4116,3.8933,7.6508,4.6519,1,checkpoint186,gate135_mt,checkpoint186,
988_002271,002271,6.7285,2.5217,3.4855,4.2452,1,checkpoint186,selector168_mt_guard171,checkpoint186,
989_005050,005050,3.0616,1.8274,5.6992,3.5294,1,checkpoint186,gate135_mt,checkpoint186,
990_012131,012131,2.7136,4.9236,4.7904,4.1425,1,checkpoint186,adaptive190_MT,checkpoint186,
991_015834,015834,31.8664,5.3842,15.7505,17.667,0,checkpoint186,selector185_f4_MT,checkpoint186,
992_007606,007606,6.9079,3.1534,0.814,3.6251,1,checkpoint186,selector168_mt_guard171,checkpoint186,
993_009062,009062,6.3252,0.3529,2.6751,3.1177,1,checkpoint186,gate155_mt,checkpoint186,
994_012041,012041,3.348,4.4105,3.9524,3.9036,1,checkpoint186,adaptive190_MT,checkpoint186,
995_014328,014328,10.4787,3.6523,7.1133,7.0814,0,checkpoint186,gate135_mt,checkpoint186,
996_003795,003795,0.2443,3.7685,0.1078,1.3735,1,checkpoint186,gate155_mt,checkpoint186,
997_011529,011529,0.7349,7.3425,8.7785,5.6186,0,checkpoint186,adaptive190_MT,checkpoint186,
998_008434,008434,6.2321,0.1688,2.1365,2.8458,1,checkpoint186,gate155_mt,checkpoint186,
999_001806,001806,1.1212,4.2053,2.8777,2.7347,1,checkpoint186,selector168_mt_guard171,checkpoint186,
